id|cet|struct
1|德紅|21c1a1
2|徒紅|23c1a1
3|陟弓|31c4a1
4|直弓|33c4a1
5|職戎|61c4a1
6|敕中|32c4a1
7|鋤弓|53c4a1
8|息弓|44c4a1
9|如融|66c4a1
10|居戎|71c4a1
11|以戎|85c4a1
12|羽弓|84c4a1
13|莫中|14c4a1
14|去宮|72c4a1
15|渠弓|73c4a1
16|房戎|13c4a1
17|方戎|11c4a1
18|敷空|12c4a1
19|昌終|62c4a1
20|力中|25c4a1
21|苦紅|72c1a1
22|古紅|71c1a1
23|莫紅|14c1a1
24|盧紅|25c1a1
25|戸公|83c1a1
26|徂紅|43c1a1
27|烏紅|81c1a1
28|倉紅|42c1a1
29|他紅|22c1a1
30|子紅|41c1a1
31|薄紅|13c1a1
32|呼東|82c1a1
33|五東|74c1a1
34|蘇公|44c1a1
35|都宗|21c1b1
36|徒冬|23c1b1
37|藏宗|43c1b1
38|奴冬|24c1b1
39|古冬|71c1b1
40|戸冬|83c1b1
41|力冬|25c1b1
42|作冬|41c1b1
43|私宗|44c1b1
44|他冬|22c1b1
45|職容|61c4b1
46|力鍾|25c4b1
47|書容|64c4b1
48|祥容|45c4b1
49|尺容|62c4b1
50|餘封|85c4b1
51|府容|11c4b1
52|許容|82c4b1
53|魚容|74c4b1
54|於容|81c4b1
55|女容|34c4b1
56|直容|33c4b1
57|疾容|43c4b1
58|丑凶|32c4b1
59|符容|13c4b1
60|敷容|12c4b1
61|即容|41c4b1
62|而容|66c4b1
63|渠容|73c4b1
64|蜀庸|63c4b1
65|九容|71c4b1
66|息恭|44c4b1
67|七恭|42c4b1
68|曲恭|72c4b1
69|古雙|71c2c1
70|莫江|14c2c1
71|女江|34c2c1
72|楚江|52c2c1
73|博江|11c2c1
74|下江|83c2c1
75|匹江|12c2c1
76|呂江|25c2c1
77|所江|54c2c1
78|薄江|13c2c1
79|許江|82c2c1
80|握江|81c2c1
81|苦江|72c2c1
82|宅江|33c2c1
83|丑江|32c2c1
84|都江|31c2c1
85|五江|74c2c1
86|士江|53c2c1
87|章移|61c5d1
88|弋支|85c5d1
89|薳支|84o6d1
90|居爲|71o6d1
91|許爲|82o6d1
92|於爲|81o6d1
93|靡爲|14c6d1
94|許規|82o5d1
95|直垂|33o6d1
96|是爲|63o5d1
97|力爲|25o5d1
98|昌垂|62o5d1
99|敷羈|12c6d1
100|彼爲|11c6d1
101|旬爲|45o5d1
102|去爲|72o6d1
103|去隨|72o5d1
104|渠羈|73c6d1
105|巨支|73c5d1
106|許羈|82c6d1
107|去奇|72c6d1
108|魚羈|74c6d1
109|符羈|13c6d1
110|是支|63c5d1
111|汝移|66c5d1
112|呂支|25c5d1
113|疾移|43c5d1
114|即移|41c5d1
115|居宜|71c6d1
116|府移|11c5d1
117|符支|13c5d1
118|式支|64c5d1
119|息移|44c5d1
120|楚宜|52c6d1
121|丑知|32c6d1
122|武移|14c5d1
123|此移|42c5d1
124|陟移|31c6d1
125|於離|81c6d1
126|直離|33c6d1
127|息爲|44o5d1
128|魚爲|74o6d1
129|香支|82c5d1
130|所宜|54c6d1
131|山垂|54o6d1
132|人垂|66o5d1
133|姊移|41c5d1
134|居隋|71o5d1
135|遵爲|41o5d1
136|楚危|52o6d1
137|竹垂|31o6d1
138|子垂|41o5d1
139|叱支|62c5d1
140|側移|51c6d1
141|匹支|12c5d1
142|悅吹|85o5d1
143|士移|53c6d1
144|旨夷|61c5e1
145|以脂|85c5e1
146|疏夷|54c6e1
147|房脂|13c5e1
148|即夷|41c5e1
149|居夷|71c5e1
150|處脂|62c5e1
151|丑飢|32c6e1
152|取私|42c5e1
153|疾資|43c5e1
154|女夷|34c6e1
155|直尼|33c6e1
156|息夷|44c5e1
157|式之|64c5e1
158|渠脂|73c5e1
159|於脂|81c5e1
160|力脂|25c5e1
161|渠隹|73o5e1
162|陟隹|31o6e1
163|居追|71o6e1
164|儒隹|66o5e1
165|所追|54o6e1
166|以追|85o5e1
167|力追|25o5e1
168|息遺|44o5e1
169|渠追|73o6e1
170|武悲|14c6e1
171|府眉|11c6e1
172|職追|61o5e1
173|視隹|63o5e1
174|洧悲|84o6e1
175|符悲|13c6e1
176|敷悲|12c6e1
177|許維|82o5e1
178|直追|33o6e1
179|叉隹|52o5e1
180|丁尼|31c6e1
181|匹夷|12c5e1
182|醉綏|41o5e1
183|丘追|72o6e1
184|牛肌|74c5e1
185|喜夷|82c5e1
186|止而|61c4e1
187|與之|85c4e1
188|市之|63c4e1
189|語其|74c4e1
190|息兹|44c4e1
191|楚持|52c4e1
192|渠之|73c4e1
193|書之|64c4e1
194|如之|66c4e1
195|去其|72c4e1
196|居之|71c4e1
197|似兹|45c4e1
198|里之|25c4e1
199|側持|51c4e1
200|許其|82c4e1
201|於其|81c4e1
202|丑之|32c4e1
203|直之|33c4e1
204|赤之|62c4e1
205|疾之|43c4e1
206|子之|41c4e1
207|士之|53c4e1
208|俟甾|55c4e1
209|丘之|72c4e1
210|式其|64c4e1
211|無非|14o3e1
212|許歸|82o3e1
213|雨非|84o3e1
214|芳非|12o3e1
215|甫微|11o3e1
216|符非|13o3e1
217|於非|81o3e1
218|渠希|73c3e1
219|居依|71c3e1
220|香衣|82c3e1
221|於希|81c3e1
222|魚衣|74c3e1
223|語韋|74o3e1
224|舉韋|71o3e1
225|丘韋|72o3e1
226|語居|74c4f1
227|楚居|52c4f1
228|傷魚|64c4f1
229|九魚|71c4f1
230|強魚|73c4f1
231|以諸|85c4f1
232|相居|44c4f1
233|七余|42c4f1
234|士魚|53c4f1
235|丑居|32c4f1
236|所葅|54c4f1
237|朽居|82c4f1
238|似魚|45c4f1
239|央居|81c4f1
240|陟魚|31c4f1
241|力居|25c4f1
242|章魚|61c4f1
243|直魚|33c4f1
244|人諸|66c4f1
245|子魚|41c4f1
246|去魚|72c4f1
247|側魚|51c4f1
248|署魚|63c4f1
249|女余|34c4f1
250|虞俱|74o4g1
251|測隅|52o4g1
252|武夫|14o4g1
253|羽俱|84o4g1
254|況于|82o4g1
255|其俱|73o4g1
256|人朱|66o4g1
257|相俞|44o4g1
258|陟輸|31o4g1
259|敕俱|32o4g1
260|市朱|63o4g1
261|羊朱|85o4g1
262|豈俱|72o4g1
263|章俱|61o4g1
264|七逾|42o4g1
265|力朱|25o4g1
266|防無|13o4g1
267|仕于|53o4g1
268|莊俱|51o4g1
269|芳無|12o4g1
270|子于|41o4g1
271|甫無|11o4g1
272|憶俱|81o4g1
273|式朱|64o4g1
274|昌朱|62o4g1
275|直誅|33o4g1
276|舉朱|71o4g1
277|山芻|54o4g1
278|莫胡|14c1g1
279|薄胡|13c1g1
280|戸吳|83c1g1
281|古胡|71c1g1
282|同都|23c1g1
283|乃都|24c1g1
284|荒烏|82c1g1
285|五乎|74c1g1
286|則吾|41c1g1
287|落胡|25c1g1
288|素姑|44c1g1
289|昨胡|43c1g1
290|哀都|81c1g1
291|博孤|11c1g1
292|苦胡|72c1g1
293|倉胡|42c1g1
294|他胡|22c1g1
295|當孤|21c1g1
296|普胡|12c1g1
297|徂奚|43c7i1
298|郎奚|25c7i1
299|七稽|42c7i1
300|都奚|21c7i1
301|杜奚|23c7i1
302|邊兮|11c7i1
303|古奚|71c7i1
304|胡雞|83c7i1
305|烏奚|81c7i1
306|五稽|74c7i1
307|呼雞|82c7i1
308|先稽|44c7i1
309|土雞|22c7i1
310|部迷|13c7i1
311|匹迷|12c7i1
312|祖稽|41c7i1
313|莫兮|14c7i1
314|奴低|24c7i1
315|苦奚|72c7i1
316|古攜|71o7i1
317|苦圭|72o7i1
318|戸圭|83o7i1
319|人兮|66c4i1
320|成臡|63c4i1
321|烏攜|81o7i1
322|呼攜|82o7i1
323|古膎|71c2j1
324|戸佳|83c2j1
325|薄佳|13c2j1
326|古娃|71o2j1
327|烏媧|81o2j1
328|苦緺|72o2j1
329|士佳|53c2j1
330|楚佳|52c2j1
331|火媧|82o2j1
332|妳佳|34c2j1
333|五佳|74c2j1
334|於佳|81c2j1
335|山佳|54c2j1
336|火佳|82c2j1
337|丑佳|32c2j1
338|莫佳|14c2j1
339|戸媧|83o2j1
340|古諧|71c2i1
341|乙諧|81c2i1
342|戸皆|83c2i1
343|步皆|13c2i1
344|古懷|71o2i1
345|戸乖|83o2i1
346|苦淮|72o2i1
347|士皆|53c2i1
348|楚皆|52c2i1
349|呼懷|82o2i1
350|柱懷|33o2i1
351|莫皆|14c2i1
352|側皆|51c2i1
353|乙皆|81o2i1
354|卓皆|31c2i1
355|賴諧|25c2i1
356|口皆|72c2i1
357|諾皆|34c2i1
358|山皆|54c2i1
359|擬皆|74c2i1
360|丑皆|32c2i1
361|喜皆|82c2i1
362|力懷|25o2i1
363|仕懷|53o2i1
364|呼恢|82o1i1
365|苦回|72o1i1
366|烏恢|81o1i1
367|戸恢|83o1i1
368|莫杯|14o1i1
369|公回|71o1i1
370|魯回|25o1i1
371|杜回|23o1i1
372|倉回|42o1i1
373|都回|21o1i1
374|素回|44o1i1
375|昨回|43o1i1
376|薄回|13o1i1
377|布回|11o1i1
378|芳杯|12o1i1
379|五灰|74o1i1
380|他回|22o1i1
381|乃回|24o1i1
382|臧回|41o1i1
383|呼來|82c1i1
384|苦哀|72c1i1
385|烏開|81c1i1
386|徒哀|23c1i1
387|古哀|71c1i1
388|昨哉|43c1i1
389|洛哀|25c1i1
390|祖才|41c1i1
391|倉才|42c1i1
392|扶來|13c1i1
393|土來|22c1i1
394|戸來|83c1i1
395|蘇來|44c1i1
396|五來|74c1i1
397|奴來|24c1i1
398|丁來|21c1i1
399|昌來|62c1i1
400|普才|12c1i1
401|側鄰|61c5k1
402|丑人|32c6k1
403|於眞|81c5k1
404|息鄰|44c5k1
405|植鄰|63c5k1
406|如鄰|66c5k1
407|食鄰|65c5k1
408|七人|42c5k1
409|下珍|84c6k1
410|失人|64c5k1
411|必鄰|11c5k1
412|力珍|25c5k1
413|巨巾|73c6k1
414|陟鄰|31c6k1
415|直珍|33c6k1
416|將鄰|41c5k1
417|昌眞|62c5k1
418|匠鄰|43c5k1
419|翼眞|85c5k1
420|女鄰|34c6k1
421|匹賓|12c5k1
422|符眞|13c5k1
423|語巾|74c6k1
424|居銀|71c6k1
425|居筠|71o6k1
426|爲贇|84o6k1
427|去倫|72o6k1
428|武巾|14c6k1
429|符巾|13c6k1
430|於巾|81c6k1
431|於倫|81o6k1
432|府巾|11c6k1
433|彌鄰|14c5k1
434|章倫|61o5k1
435|丑倫|32o5k1
436|直倫|33o5k1
437|相倫|44o5k1
438|常倫|63o5k1
439|如勻|66o5k1
440|食倫|65o5k1
441|力迍|25o5k1
442|陟綸|31o5k1
443|七倫|42o5k1
444|將倫|41o5k1
445|昌脣|62o5k1
446|昨旬|43o5k1
447|羊倫|85o5k1
448|詳遵|45o5k1
449|居勻|71o5k1
450|渠人|73c6k1
451|普巾|12c6k1
452|側詵|51c6l1
453|所臻|54c6l1
454|士臻|53c6l1
455|無分|14o3k1
456|王分|84o3k1
457|於云|81o3k1
458|符分|13o3k1
459|府文|11o3k1
460|渠云|73o3k1
461|許云|82o3k1
462|舉云|71o3k1
463|撫文|12o3k1
464|許斤|82c3k1
465|於斤|81c3k1
466|巨斤|73c3k1
467|舉欣|71c3k1
468|語斤|74c3k1
469|愚袁|74o3m1
470|雨元|84o3m1
471|附袁|13o3m1
472|孚袁|12o3m1
473|況袁|82o3m1
474|於袁|81o3m1
475|語軒|74c3m1
476|丘言|72c3m1
477|虚言|82c3m1
478|居言|71c3m1
479|謁言|81c3m1
480|甫煩|11o3m1
481|巨言|73c3m1
482|武元|14o3m1
483|戸昆|83o1k1
484|古渾|71o1k1
485|烏渾|81o1k1
486|莫奔|14o1k1
487|思渾|44o1k1
488|祖昆|41o1k1
489|徂尊|43o1k1
490|都昆|21o1k1
491|他昆|22o1k1
492|徒渾|23o1k1
493|此尊|42o1k1
494|牛昆|74o1k1
495|蒲奔|13o1k1
496|博昆|11o1k1
497|盧昆|25o1k1
498|苦昆|72o1k1
499|呼昆|82o1k1
500|普魂|12o1k1
501|奴昆|24o1k1
502|戸恩|83c1k1
503|古痕|71c1k1
504|烏痕|81c1k1
505|吐根|22c1k1
506|五根|74c1k1
507|胡安|83c1m1
508|俄寒|74c1m1
509|都寒|21c1m1
510|烏寒|81c1m1
511|那干|24c1m1
512|七安|42c1m1
513|他干|22c1m1
514|蘇干|44c1m1
515|徒干|23c1m1
516|昨干|43c1m1
517|古寒|71c1m1
518|落干|25c1m1
519|苦寒|72c1m1
520|許干|82c1m1
521|乃官|24o1m1
522|胡官|83o1m1
523|五丸|74o1m1
524|多官|21o1m1
525|一丸|81o1m1
526|他端|22o1m1
527|素官|44o1m1
528|度官|23o1m1
529|在丸|43o1m1
530|古丸|71o1m1
531|落官|25o1m1
532|呼官|82o1m1
533|苦官|72o1m1
534|借官|41o1m1
535|薄官|13o1m1
536|母官|14o1m1
537|普官|12o1m1
538|北潘|11o1m1
539|所姦|54c2m1
540|古還|71o2m1
541|烏關|81o2m1
542|數還|54o2m1
543|戸關|83o2m1
544|布還|11c2m1
545|莫還|14c2m1
546|五姦|74c2m1
547|古顔|71c2m1
548|普班|12c2m1
549|奴還|34o2m1
550|五還|74o2m1
551|丘姦|72c2m1
552|可顔|72c2m1
553|阻頑|51o2m1
554|所閒|54c2n1
555|古頑|71o2n1
556|古閑|71c2n1
557|戸閒|83c2n1
558|苦閑|72c2n1
559|士山|53c2n1
560|許閒|82c2n1
561|五閑|74c2n1
562|烏閑|81c2n1
563|方閑|11c2n1
564|力閑|25c2n1
565|女閑|34c2n1
566|充山|62c2n1
567|委鰥|84o2n1
568|墜頑|23o2n1
569|力頑|25o2n1
570|跪頑|73o2n1
571|陟山|31c2n1
572|直閑|33c2n1
573|獲頑|83o2n1
574|昨閑|43c2n1
575|蘇前|44c7n1
576|昨先|43c7n1
577|蒼先|42c7n1
578|則前|41c7n1
579|他前|22c7n1
580|古賢|71c7n1
581|胡田|83c7n1
582|烏前|81c7n1
583|落賢|25c7n1
584|徒年|23c7n1
585|奴顚|24c7n1
586|都年|21c7n1
587|苦堅|72c7n1
588|五堅|74c7n1
589|莫賢|14c7n1
590|部田|13c7n1
591|烏玄|81o7n1
592|古玄|71o7n1
593|火玄|82o7n1
594|布玄|11c7n1
595|胡涓|83o7n1
596|呼煙|82c7n1
597|崇玄|53c7n1
598|相然|44c5n1
599|昨仙|43c5n1
600|七然|42c5n1
601|子仙|41c5n1
602|如延|66c5n1
603|以然|85c5n1
604|諸延|61c5n1
605|居延|71c5n1
606|張連|31c6n1
607|士連|53c6n1
608|式連|64c5n1
609|丑延|32c6n1
610|市連|63c5n1
611|直連|33c6n1
612|許延|82c5n1
613|力延|25c5n1
614|芳連|12c5n1
615|房連|13c5n1
616|武延|14c5n1
617|疾緣|43o5n1
618|須緣|44o5n1
619|子泉|41o5n1
620|許緣|82o5n1
621|而緣|66o5n1
622|昌緣|62o5n1
623|與專|85o5n1
624|似宣|45o5n1
625|於緣|81o5n1
626|食川|65o5n1
627|卑連|11c5n1
628|夕連|45c5n1
629|此緣|42o5n1
630|職緣|61o5n1
631|市緣|63o5n1
632|王權|84o6n1
633|莊緣|51o6n1
634|山員|54o6n1
635|丑緣|32o6n1
636|渠焉|73c6n1
637|去乾|72c6n1
638|巨員|73o6n1
639|直攣|33o6n1
640|呂員|25o5n1
641|丘圓|72o6n1
642|於乾|81c6n1
643|有乾|84c6n1
644|於權|81o6n1
645|尺延|62c5n1
646|丁全|31o6n1
647|居員|71o6n1
648|蘇彫|44c7o1
649|吐彫|22c7o1
650|都聊|21c7o1
651|徒聊|23c7o1
652|古堯|71c7o1
653|落蕭|25c7o1
654|五聊|74c7o1
655|許幺|82c7o1
656|於堯|81c7o1
657|苦幺|72c7o1
658|相邀|44c5o1
659|敕宵|32c6o1
660|陟遙|31c6o1
661|直遙|33c6o1
662|許嬌|82c6o1
663|昨焦|43c5o1
664|舉喬|71c6o1
665|即消|41c5o1
666|如招|66c5o1
667|式招|64c5o1
668|餘昭|85c5o1
669|市昭|63c5o1
670|止遙|61c5o1
671|甫遙|11c5o1
672|甫嬌|11c6o1
673|符霄|13c5o1
674|彌遙|14c5o1
675|武瀌|14c6o1
676|於霄|81c5o1
677|于嬌|84c6o1
678|巨嬌|73c6o1
679|七遙|42c5o1
680|於喬|81c6o1
681|去遙|72c5o1
682|尺招|62c5o1
683|撫招|12c5o1
684|渠遙|73c5o1
685|力昭|25c5o1
686|起嚻|72c6o1
687|胡茅|83c2o1
688|古肴|71c2o1
689|鉏交|53c2o1
690|女交|34c2o1
691|所交|54c2o1
692|莫交|14c2o1
693|許交|82c2o1
694|布交|11c2o1
695|匹交|12c2o1
696|口交|72c2o1
697|五交|74c2o1
698|側交|51c2o1
699|陟交|31c2o1
700|楚交|52c2o1
701|薄交|13c2o1
702|於交|81c2o1
703|敕交|32c2o1
704|力嘲|25c2o1
705|直交|33c2o1
706|胡刀|83c1o1
707|古勞|71c1o1
708|魯刀|25c1o1
709|呼毛|82c1o1
710|莫袍|14c1o1
711|土刀|22c1o1
712|都勞|21c1o1
713|蘇遭|44c1o1
714|薄襃|13c1o1
715|博毛|11c1o1
716|徒刀|23c1o1
717|作曹|41c1o1
718|五勞|74c1o1
719|昨勞|43c1o1
720|於刀|81c1o1
721|奴刀|24c1o1
722|苦刀|72c1o1
723|七刀|42c1o1
724|普袍|12c1o1
725|古俄|71c1p1
726|七何|42c1p1
727|得何|21c1p1
728|素何|44c1p1
729|徒河|23c1p1
730|昨何|43c1p1
731|五何|74c1p1
732|託何|22c1p1
733|魯何|25c1p1
734|諾何|24c1p1
735|胡歌|83c1p1
736|虎何|82c1p1
737|苦何|72c1p1
738|烏何|81c1p1
739|古禾|71o1p1
740|七戈|42o1p1
741|丁戈|21o1p1
742|蘇禾|44o1p1
743|薄波|13o1p1
744|徒和|23o1p1
745|莫婆|14o1p1
746|昨禾|43o1p1
747|五禾|74o1p1
748|土禾|22o1p1
749|落戈|25o1p1
750|奴禾|24o1p1
751|博禾|11o1p1
752|滂禾|12o1p1
753|戸戈|83o1p1
754|苦禾|72o1p1
755|烏禾|81o1p1
756|許𦚢|82o3p1
757|於靴|81o3p1
758|去靴|72o3p1
759|求迦|73c3p1
760|丘伽|72c3p1
761|居伽|71c3p1
762|醋伽|42o3p1
763|子𩩆|41o3p1
764|巨靴|73o3p1
765|縷𩨭|25o3p1
766|莫霞|14c2q1
767|尺遮|62c4q1
768|式車|64c4q1
769|以遮|85c4q1
770|正奢|61c4q1
771|子邪|41c4q1
772|食遮|65c4q1
773|戸花|83o2q1
774|古華|71o2q1
775|呼瓜|82o2q1
776|苦瓜|72o2q1
777|女加|34c2q1
778|古牙|71c2q1
779|胡加|83c2q1
780|普巴|12c2q1
781|於加|81c2q1
782|伯加|11c2q1
783|初加|52c2q1
784|所加|54c2q1
785|五加|74c2q1
786|側加|51c2q1
787|宅加|33c2q1
788|似嗟|45c4q1
789|視遮|63c4q1
790|烏瓜|81o2q1
791|莊華|51o2q1
792|陟瓜|31o2q1
793|蒲巴|13c2q1
794|鉏加|53c2q1
795|敕加|32c2q1
796|陟加|31c2q1
797|許加|82c2q1
798|苦加|72c2q1
799|才邪|43c4q1
800|人賒|66c4q1
801|寫邪|44c4q1
802|陟邪|31c4q1
803|五瓜|74o2q1
804|乞加|72c2q1
805|與章|85c4r1
806|似羊|45c4r1
807|呂章|25c4r1
808|許良|82c4r1
809|式羊|64c4r1
810|符方|13o4r1
811|諸良|61c4r1
812|尺良|62c4r1
813|去羊|72c4r1
814|居良|71c4r1
815|直良|33c4r1
816|陟良|31c4r1
817|汝陽|66c4r1
818|府良|11o4r1
819|息良|44c4r1
820|即良|41c4r1
821|初良|52c4r1
822|武方|14o4r1
823|女良|34c4r1
824|士莊|53c4r1
825|側羊|51c4r1
826|市羊|63c4r1
827|色莊|54c4r1
828|在良|43c4r1
829|七羊|42c4r1
830|去王|72o4r1
831|雨方|84o4r1
832|於良|81c4r1
833|巨良|73c4r1
834|禇羊|32c4r1
835|敷方|12o4r1
836|巨王|73o4r1
837|徒郎|23c1r1
838|魯當|25c1r1
839|都郎|21c1r1
840|七岡|42c1r1
841|古郎|71c1r1
842|息郎|44c1r1
843|苦岡|72c1r1
844|呼光|82o1r1
845|胡光|83o1r1
846|古黃|71o1r1
847|吐郎|22c1r1
848|普郎|12c1r1
849|烏光|81o1r1
850|烏郎|81c1r1
851|呼郎|82c1r1
852|胡郎|83c1r1
853|莫郎|14c1r1
854|則郎|41c1r1
855|奴當|24c1r1
856|步光|13c1r1
857|五岡|74c1r1
858|昨郎|43c1r1
859|苦光|72o1r1
860|博旁|11c1r1
861|古行|71c2s1
862|客庚|72c2s1
863|武庚|14c2s1
864|戸盲|83o2s1
865|甫盲|11c2s1
866|虎橫|82o2s1
867|古橫|71o2s1
868|薄庚|13c2s1
869|許庚|82c2s1
870|丑庚|32c2s1
871|楚庚|52c2s1
872|助庚|53c2s1
873|於驚|81c3s1
874|撫庚|12c3s1
875|符兵|13c3s1
876|舉卿|71c3s1
877|武兵|14c3s1
878|直庚|33c2s1
879|竹盲|31c2s1
880|永兵|84o3s1
881|甫明|11c3s1
882|許榮|82o3s1
883|去京|72c3s1
884|所庚|54c2s1
885|渠京|73c3s1
886|語京|74c3s1
887|戸庚|83c2s1
888|乃庚|34c2s1
889|古莖|71c2t1
890|口莖|72c2t1
891|莫耕|14c2t1
892|布耕|11c2t1
893|戸萌|83o2t1
894|戸耕|83c2t1
895|中莖|31c2t1
896|烏莖|81c2t1
897|士莖|53c2t1
898|楚耕|52c2t1
899|女耕|34c2t1
900|普耕|12c2t1
901|呼宏|82o2t1
902|北萌|11c2t1
903|宅耕|33c2t1
904|烏宏|81o2t1
905|薄萌|13c2t1
906|五莖|74c2t1
907|側莖|51c2t1
908|七情|42c4t1
909|疾盈|43c4t1
910|子盈|41c4t1
911|以成|85c4t1
912|余傾|85o4t1
913|於盈|81c4t1
914|陟盈|31c4t1
915|丑貞|32c4t1
916|是征|63c4t1
917|直貞|33c4t1
918|書盈|64c4t1
919|諸盈|61c4t1
920|去盈|72c4t1
921|武并|14c4t1
922|呂貞|25c4t1
923|府盈|11c4t1
924|去營|72o4t1
925|徐盈|45c4t1
926|於營|81o4t1
927|渠營|73o4t1
928|息營|44o4t1
929|巨成|73c4t1
930|火營|82o4t1
931|倉經|42c7t1
932|古靈|71c7t1
933|戸經|83c7t1
934|特丁|23c7t1
935|當經|21c7t1
936|呼刑|82c7t1
937|桑經|44c7t1
938|普丁|12c7t1
939|郎丁|25c7t1
940|奴丁|24c7t1
941|他丁|22c7t1
942|莫經|14c7t1
943|薄經|13c7t1
944|戸扃|83o7t1
945|古螢|71o7t1
946|煑仍|61c4u1
947|署陵|63c4u1
948|直陵|33c4u1
949|力膺|25c4u1
950|於陵|81c4u1
951|扶冰|13c4u1
952|筆陵|11c4u1
953|余陵|85c4u1
954|食陵|65c4u1
955|識蒸|64c4u1
956|如乗|66c4u1
957|居陵|71c4u1
958|陟陵|31c4u1
959|疾陵|43c4u1
960|魚陵|74c4u1
961|虚陵|82c4u1
962|處陵|62c4u1
963|其矜|73c4u1
964|山矜|54c4u1
965|綺兢|72c4u1
966|丑升|32c4u1
967|仕兢|53c4u1
968|披冰|12c4u1
969|都滕|21c1u1
970|魯登|25c1u1
971|蘇增|44c1u1
972|北滕|11c1u1
973|作滕|41c1u1
974|武登|14c1u1
975|昨楞|43c1u1
976|步崩|13c1u1
977|胡肱|83o1u1
978|古弘|71o1u1
979|呼肱|82o1u1
980|奴登|24c1u1
981|徒登|23c1u1
982|胡登|83c1u1
983|古恒|71c1u1
984|他登|22c1u1
985|普朋|12c1u1
986|羽求|84c4v1
987|於求|81c4v1
988|力求|25c4v1
989|七由|42c4v1
990|以周|85c4v1
991|語求|74c4v1
992|即由|41c4v1
993|自秋|43c4v1
994|息流|44c4v1
995|丑鳩|32c4v1
996|去秋|72c4v1
997|赤周|62c4v1
998|職流|61c4v1
999|市流|63c4v1
1000|耳由|66c4v1
1001|式州|64c4v1
1002|去鳩|72c4v1
1003|匹尤|12c4v1
1004|居求|71c4v1
1005|甫鳩|11c4v1
1006|所鳩|54c4v1
1007|楚鳩|52c4v1
1008|側鳩|51c4v1
1009|士尤|53c4v1
1010|許尤|82c4v1
1011|似尤|45c4v1
1012|直由|33c4v1
1013|張流|31c4v1
1014|巨鳩|73c4v1
1015|縛謀|13c4v1
1016|莫浮|14c4v1
1017|戸鉤|83c1v1
1018|烏侯|81c1v1
1019|奴鉤|24c1v1
1020|落侯|25c1v1
1021|速侯|44c1v1
1022|恪侯|72c1v1
1023|呼侯|82c1v1
1024|子侯|41c1v1
1025|託侯|22c1v1
1026|度侯|23c1v1
1027|五婁|74c1v1
1028|古侯|71c1v1
1029|當侯|21c1v1
1030|徂鉤|43c1v1
1031|薄侯|13c1v1
1032|千侯|42c1v1
1033|亡侯|14c1v1
1034|於虯|81c4w1
1035|渠幽|73c4w1
1036|甫烋|11c4w1
1037|力幽|25c4w1
1038|居虯|71c4w1
1039|皮彪|13c4w1
1040|子幽|41c4w1
1041|山幽|54c4w1
1042|語虯|74c4w1
1043|香幽|82c4w1
1044|武彪|14c4w1
1045|七林|42c5x1
1046|徐林|45c5x1
1047|力尋|25c5x1
1048|丑林|32c6x1
1049|職深|61c5x1
1050|直深|33c6x1
1051|知林|31c6x1
1052|氏任|63c5x1
1053|如林|66c5x1
1054|式針|64c5x1
1055|餘針|85c5x1
1056|息林|44c5x1
1057|挹淫|81c5x1
1058|子心|41c5x1
1059|昨淫|43c5x1
1060|女心|34c6x1
1061|巨金|73c6x1
1062|去金|72c6x1
1063|魚金|74c6x1
1064|許金|82c6x1
1065|居吟|71c6x1
1066|於金|81c6x1
1067|所今|54c6x1
1068|鋤針|53c6x1
1069|側吟|51c6x1
1070|楚簪|52c6x1
1071|充針|62c5x1
1072|徒含|23c1z1
1073|倉含|42c1z1
1074|那含|24c1z1
1075|烏含|81c1z1
1076|胡男|83c1z1
1077|盧含|25c1z1
1078|昨含|43c1z1
1079|作含|41c1z1
1080|他含|22c1z1
1081|丁含|21c1z1
1082|口含|72c1z1
1083|火含|82c1z1
1084|蘇含|44c1z1
1085|古南|71c1z1
1086|五含|74c1z1
1087|徒甘|23c1y1
1088|古三|71c1y1
1089|都甘|21c1y1
1090|蘇甘|44c1y1
1091|魯甘|25c1y1
1092|苦甘|72c1y1
1093|他酣|22c1y1
1094|昨甘|43c1y1
1095|胡甘|83c1y1
1096|武酣|14c1y1
1097|昨三|43c1y1
1098|呼談|82c1y1
1099|余廉|85c5z1
1100|力鹽|25c5z1
1101|府廉|11c6z1
1102|息廉|44c5z1
1103|七廉|42c5z1
1104|職廉|61c5z1
1105|視占|63c5z1
1106|失廉|64c5z1
1107|處占|62c5z1
1108|汝鹽|66c5z1
1109|女廉|34c6z1
1110|于廉|84c6z1
1111|張廉|31c6z1
1112|丑廉|32c6z1
1113|央炎|81c6z1
1114|丘廉|72c6z1
1115|語廉|74c6z1
1116|子廉|41c5z1
1117|昨鹽|43c5z1
1118|巨淹|73c6z1
1119|一鹽|81c5z1
1120|徐鹽|45c5z1
1121|史炎|54c6z1
1122|直炎|33c6z1
1123|巨鹽|73c5z1
1124|他兼|22c7z1
1125|丁兼|21c7z1
1126|徒兼|23c7z1
1127|勒兼|25c7z1
1128|苦兼|72c7z1
1129|古甜|71c7z1
1130|戸兼|83c7z1
1131|奴兼|24c7z1
1132|許兼|82c7z1
1133|胡讒|83c2z1
1134|古咸|71c2z1
1135|所咸|54c2z1
1136|乙咸|81c2z1
1137|五咸|74c2z1
1138|許咸|82c2z1
1139|竹咸|31c2z1
1140|女咸|34c2z1
1141|士咸|53c2z1
1142|苦咸|72c2z1
1143|戸監|83c2y1
1144|鋤銜|53c2y1
1145|五銜|74c2y1
1146|楚銜|52c2y1
1147|所銜|54c2y1
1148|谷銜|71c2y1
1149|白銜|13c2y1
1150|口銜|72c2y1
1151|語𩏩|74c3y1
1152|虚嚴|82c3y1
1153|於嚴|81c3y1
1154|丘嚴|72c3y1
1155|符咸|13o3z1
1156|匹凡|12o3z1
1157|多動|21c1a2
1158|莫孔|14c1a2
1159|康董|72c1a2
1160|先孔|44c1a2
1161|他孔|22c1a2
1162|作孔|41c1a2
1163|胡孔|83c1a2
1164|烏孔|81c1a2
1165|奴動|24c1a2
1166|邊孔|11c1a2
1167|力董|25c1a2
1168|呼孔|82c1a2
1169|徒揔|23c1a2
1170|蒲蠓|13c1a2
1171|之隴|61c4b2
1172|丑隴|32c4b2
1173|力踵|25c4b2
1174|於隴|81c4b2
1175|而隴|66c4b2
1176|直隴|33c4b2
1177|知隴|31c4b2
1178|扶隴|13c4b2
1179|敷奉|12c4b2
1180|余隴|85c4b2
1181|丘隴|72c4b2
1182|時宂|63c4b2
1183|居悚|71c4b2
1184|息拱|44c4b2
1185|許拱|82c4b2
1186|方勇|11c4b2
1187|都𪁪|21c1b2
1188|莫湩|14c1b2
1189|渠隴|73c4b2
1190|充隴|62c4b2
1191|職勇|61c4b2
1192|子冢|41c4b2
1193|古項|71c2c2
1194|步項|13c2c2
1195|烏項|81c2c2
1196|武項|14c2c2
1197|胡講|83c2c2
1198|巴講|11c2c2
1199|虚慃|82c2c2
1200|諸氏|61c5d2
1201|承紙|63c5d2
1202|文彼|14c6d2
1203|甫委|11c6d2
1204|皮彼|13c6d2
1205|許委|82o6d2
1206|於詭|81o6d2
1207|去委|72o6d2
1208|過委|71o6d2
1209|息委|44o5d2
1210|力委|25o5d2
1211|渠綺|73c6d2
1212|於綺|81c6d2
1213|居綺|71c6d2
1214|墟彼|72c6d2
1215|魚倚|74c6d2
1216|韋委|84o6d2
1217|即委|41o5d2
1218|如累|66o5d2
1219|雌氏|42c5d2
1220|池爾|33c6d2
1221|斯氏|44c5d2
1222|移爾|85c5d2
1223|力紙|25c5d2
1224|所綺|54c6d2
1225|并弭|11c6d2
1226|兒氏|66c5d2
1227|綿婢|14c5d2
1228|便婢|13c5d2
1229|尺氏|62c5d2
1230|施是|64c5d2
1231|將此|41c5d2
1232|之累|61o5d2
1233|初委|52o6d2
1234|隨婢|45o5d2
1235|神帋|65c5d2
1236|側氏|51c6d2
1237|匹靡|12c6d2
1238|匹婢|12c5d2
1239|羊捶|85o5d2
1240|才捶|43o5d2
1241|丘弭|72o6d2
1242|女氏|34c6d2
1243|魚毁|74o6d2
1244|渠委|73o6d2
1245|敕豸|32c6d2
1246|陟侈|31c6d2
1247|興倚|82c6d2
1248|丘弭|72c6d2
1249|時髓|63o5d2
1250|居氏|71c5d2
1251|職雉|61c6e2
1252|承矢|63c5e2
1253|無鄙|14c6e2
1254|方美|11c6e2
1255|徐姊|45c6e2
1256|居履|71c5e2
1257|將几|41c5e2
1258|卑履|11c5e2
1259|居洧|71o6e2
1260|榮美|84o6e2
1261|式視|64c6e2
1262|直几|33c6e2
1263|息姊|44c6e2
1264|扶履|13c5e2
1265|力几|25c5e2
1266|式軌|64o6e2
1267|力軌|25o5e2
1268|求癸|73o5e2
1269|千水|42o5e2
1270|女履|34c6e2
1271|居誄|71o5e2
1272|符鄙|13c6e2
1273|徂累|43o5e2
1274|匹鄙|12c6e2
1275|如壘|66o5e2
1276|以水|85o5e2
1277|於几|81c5e2
1278|遵誄|41o5e2
1279|豬几|31c6e2
1280|楮几|32c6e2
1281|止姊|61c6e2
1282|火癸|82o5e2
1283|曁軌|73o6e2
1284|曁几|73c5e2
1285|丘軌|72o6e2
1286|諸市|61c4e2
1287|時止|63c4e2
1288|陟里|31c4e2
1289|虚里|82c4e2
1290|居里|71c4e2
1291|羊己|85c4e2
1292|詳里|45c4e2
1293|踈士|54c4e2
1294|而止|66c4e2
1295|良士|25c4e2
1296|胥里|44c4e2
1297|詩止|64c4e2
1298|直里|33c4e2
1299|墟里|72c4e2
1300|鉏里|53c4e2
1301|牀史|55c4e2
1302|即里|41c4e2
1303|于紀|84c4e2
1304|魚紀|74c4e2
1305|昌里|62c4e2
1306|敕里|32c4e2
1307|初紀|52c4e2
1308|阻史|51c4e2
1309|於擬|81c4e2
1310|乃里|34c4e2
1311|無匪|14o3e2
1312|於豈|81c3e2
1313|袪狶|72c3e2
1314|居狶|71c3e2
1315|敷尾|12o3e2
1316|府尾|11o3e2
1317|于鬼|84o3e2
1318|居偉|71o3e2
1319|許偉|82o3e2
1320|魚豈|74c3e2
1321|虚豈|82c3e2
1322|於鬼|81o3e2
1323|浮鬼|13o3e2
1324|魚巨|74c4f2
1325|力舉|25c4f2
1326|直吕|33c4f2
1327|余吕|85c4f2
1328|章与|61c4f2
1329|人渚|66c4f2
1330|舒吕|64c4f2
1331|昌與|62c4f2
1332|丁吕|31c4f2
1333|私吕|44c4f2
1334|丑吕|32c4f2
1335|尼吕|34c4f2
1336|虚吕|82c4f2
1337|其吕|73c4f2
1338|踈舉|54c4f2
1339|創舉|52c4f2
1340|側吕|51c4f2
1341|牀吕|53c4f2
1342|慈吕|43c4f2
1343|於許|81c4f2
1344|居許|71c4f2
1345|徐吕|45c4f2
1346|羌舉|72c4f2
1347|神與|65c4f2
1348|承與|63c4f2
1349|七與|42c4f2
1350|子與|41c4f2
1351|虞矩|74o4g2
1352|王矩|84o4g2
1353|慈庾|43o4g2
1354|方矩|11o4g2
1355|文甫|14o4g2
1356|扶雨|13o4g2
1357|芳武|12o4g2
1358|直主|33o4g2
1359|況羽|82o4g2
1360|臣庾|63o4g2
1361|以主|85o4g2
1362|之庾|61o4g2
1363|於武|81o4g2
1364|驅雨|72o4g2
1365|知庾|31o4g2
1366|而主|66o4g2
1367|其矩|73o4g2
1368|所矩|54o4g2
1369|俱雨|71o4g2
1370|七庾|42o4g2
1371|力主|25o4g2
1372|相庾|44o4g2
1373|鶵禹|53o4g2
1374|莫補|14c1g2
1375|他魯|22c1g2
1376|徒古|23c1g2
1377|郎古|25c1g2
1378|采古|42c1g2
1379|當古|21c1g2
1380|公戸|71c1g2
1381|疑古|74c1g2
1382|裴古|13c1g2
1383|徂古|43c1g2
1384|則古|41c1g2
1385|呼古|82c1g2
1386|安古|81c1g2
1387|康杜|72c1g2
1388|奴古|24c1g2
1389|侯古|83c1g2
1390|滂古|12c1g2
1391|博古|11c1g2
1392|徂禮|43c7i2
1393|盧啓|25c7i2
1394|他禮|22c7i2
1395|匹米|12c7i2
1396|子禮|41c7i2
1397|都禮|21c7i2
1398|徒禮|23c7i2
1399|奴禮|24c7i2
1400|先禮|44c7i2
1401|千禮|42c7i2
1402|康禮|72c7i2
1403|胡禮|82c7i2
1404|莫禮|14c7i2
1405|傍禮|13c7i2
1406|烏弟|81c7i2
1407|研啓|74c7i2
1408|補米|11c7i2
1409|胡買|83c2j2
1410|莫蟹|14c2j2
1411|苦蟹|72c2j2
1412|宅買|33c2j2
1413|奴蟹|34c2j2
1414|薄蟹|13c2j2
1415|烏蟹|81c2j2
1416|北買|11c2j2
1417|佳買|71c2j2
1418|所蟹|54c2j2
1419|乖買|71o2j2
1420|丈夥|33o2j2
1421|懷𠁥|83o2j2
1422|花夥|82o2j2
1423|求蟹|73c2j2
1424|侯楷|83c2i2
1425|苦駭|72c2i2
1426|五駭|74c2i2
1427|於駭|81c2i2
1428|呼罪|82o1i2
1429|烏賄|81o1i2
1430|落猥|25o1i2
1431|徒猥|23o1i2
1432|徂賄|43o1i2
1433|武罪|14o1i2
1434|吐猥|22o1i2
1435|胡罪|83o1i2
1436|口猥|72o1i2
1437|都罪|21o1i2
1438|奴罪|24o1i2
1439|陟賄|31o1i2
1440|五罪|74o1i2
1441|七罪|42o1i2
1442|蒲罪|13o1i2
1443|子罪|41o1i2
1444|于罪|84o1i2
1445|呼改|82c1i2
1446|苦亥|72c1i2
1447|作亥|41c1i2
1448|徒亥|23c1i2
1449|奴亥|24c1i2
1450|古亥|71c1i2
1451|胡改|83c1i2
1452|匹愷|12c1i2
1453|倉宰|42c1i2
1454|昌紿|62c4h2
1455|多改|21c1i2
1456|莫亥|14c1i2
1457|昨宰|43c1i2
1458|普乃|12c1i2
1459|於改|81c1i2
1460|夷在|85c1i2
1461|他亥|22c1i2
1462|如亥|66c1i2
1463|來改|25c1i2
1464|與改|85c1i2
1465|薄亥|13c1i2
1466|章忍|61c5k2
1467|丑忍|32c6k2
1468|時忍|63c5k2
1469|而軫|66c5k2
1470|式忍|64c5k2
1471|良忍|25c5k2
1472|直引|33c6k2
1473|居忍|71c5k2
1474|慈忍|43c5k2
1475|即忍|41c5k2
1476|毗忍|13c5k2
1477|宜引|74c5k2
1478|七忍|42c5k2
1479|渠殞|73o6k2
1480|余忍|85c5k2
1481|眉殞|14c6k2
1482|武盡|14c5k2
1483|于敏|84o6k2
1484|之尹|61o5k2
1485|余準|85o5k2
1486|思尹|44o5k2
1487|而允|66o5k2
1488|尺尹|62o5k2
1489|食尹|65o5k2
1490|癡準|32o5k2
1491|力準|25o5k2
1492|而尹|66o5k2
1493|丘尹|72o5k2
1494|弃忍|72c5k2
1495|式允|64o5k2
1496|興腎|82c5k2
1497|鉏紖|53c6k2
1498|珍忍|61c5k2
1499|武粉|14o3k2
1500|方吻|11o3k2
1501|房吻|13o3k2
1502|敷粉|12o3k2
1503|於粉|81o3k2
1504|魚吻|74o3k2
1505|云粉|84o3k2
1506|丘粉|72o3k2
1507|於謹|81c3k2
1508|居隱|71c3k2
1509|仄謹|51c6l2
1510|丘謹|72c3k2
1511|其謹|73c3k2
1512|初謹|52c6l2
1513|牛謹|74c3k2
1514|休謹|82c3k2
1515|虞遠|74o3m2
1516|雲阮|84o3m2
1517|於幰|81c3m2
1518|居偃|71c3m2
1519|其偃|73c3m2
1520|去偃|72c3m2
1521|語偃|74c3m2
1522|虚偃|82c3m2
1523|無遠|14o3m2
1524|府遠|11o3m2
1525|求晚|73o3m2
1526|於阮|81o3m2
1527|去阮|72o3m2
1528|况晚|82o3m2
1529|扶晚|13o3m2
1530|胡本|83o1k2
1531|普本|12o1k2
1532|倉本|42o1k2
1533|布忖|11o1k2
1534|蘇本|44o1k2
1535|兹損|41o1k2
1536|烏本|81o1k2
1537|徒損|23o1k2
1538|才本|43o1k2
1539|古本|71o1k2
1540|他衮|22o1k2
1541|苦本|72o1k2
1542|盧本|25o1k2
1543|蒲本|13o1k2
1544|模本|14o1k2
1545|乃本|24o1k2
1546|虚本|82o1k2
1547|胡墾|83c1k2
1548|康很|72c1k2
1549|古很|71c1k2
1550|胡笴|83c1m2
1551|多旱|21c1m2
1552|他但|22c1m2
1553|蘇旱|44c1m2
1554|徒旱|23c1m2
1555|藏旱|43c1m2
1556|古旱|71c1m2
1557|落旱|25c1m2
1558|空旱|72c1m2
1559|呼旱|82c1m2
1560|作旱|41c1m2
1561|胡管|83o1m2
1562|都管|21o1m2
1563|烏管|81o1m2
1564|吐緩|22o1m2
1565|蘇管|44o1m2
1566|古滿|71o1m2
1567|盧管|25o1m2
1568|苦管|72o1m2
1569|乃管|24o1m2
1570|作管|41o1m2
1571|蒲旱|13o1m2
1572|莫旱|14o1m2
1573|博管|11o1m2
1574|辝纂|45o1m2
1575|徒管|23o1m2
1576|奴但|24c1m2
1577|普伴|12o1m2
1578|數板|54c2m2
1579|烏板|81o2m2
1580|布綰|11c2m2
1581|側板|51c2m2
1582|奴板|34c2m2
1583|下赧|83c2m2
1584|戸板|83o2m2
1585|扶板|13c2m2
1586|武板|14c2m2
1587|士板|53c2m2
1588|五板|74c2m2
1589|初板|52c2m2
1590|普板|12c2m2
1591|雛鯇|53o2m2
1592|所簡|54c2n2
1593|胡簡|83c2n2
1594|武簡|14c2n2
1595|古限|71c2n2
1596|初限|52c2n2
1597|士限|53c2n2
1598|五限|74c2n2
1599|阻限|51c2n2
1600|初綰|52o2n2
1601|起限|72c2n2
1602|蘇典|44c7n2
1603|他典|22c7n2
1604|多殄|21c7n2
1605|於殄|81c7n2
1606|徒典|23c7n2
1607|古典|71c7n2
1608|胡典|83c7n2
1609|呼典|82c7n2
1610|彌殄|14c7n2
1611|乃殄|24c7n2
1612|方典|11c7n2
1613|胡畎|83o7n2
1614|姑泫|71o7n2
1615|薄泫|13c7n2
1616|苦泫|72o7n2
1617|牽繭|72c7n2
1618|研峴|74c7n2
1619|息淺|44c5n2
1620|以淺|85c5n2
1621|慈演|43c5n2
1622|知演|31c6n2
1623|旨善|61c5n2
1624|尼展|34c6n2
1625|七演|42c5n2
1626|昌善|62c5n2
1627|去演|72c5n2
1628|九輦|71c6n2
1629|常演|63c5n2
1630|即淺|41c5n2
1631|人善|66c5n2
1632|徐翦|45c5n2
1633|力展|25c5n2
1634|魚蹇|74c6n2
1635|其輦|73c6n2
1636|符蹇|13c6n2
1637|彌兖|14c5n2
1638|方緬|11c5n2
1639|子兖|41o5n2
1640|徂兖|43o5n2
1641|方免|11c6n2
1642|以轉|85o5n2
1643|力兖|25o5n2
1644|陟兖|31o6n2
1645|居轉|71o6n2
1646|渠篆|73o6n2
1647|而兖|66o5n2
1648|昌兖|62o5n2
1649|市兖|63o5n2
1650|持兖|33o6n2
1651|旨兖|61o5n2
1652|思兖|44o5n2
1653|士免|53o6n2
1654|狂兖|73o5n2
1655|香兖|82o5n2
1656|符善|13c5n2
1657|亡辨|14c6n2
1658|丑善|32c6n2
1659|披免|12c6n2
1660|式善|64c5n2
1661|於蹇|81c6n2
1662|除善|33c6n2
1663|士免|53c6n2
1664|先鳥|44c7o2
1665|古了|71c7o2
1666|都了|21c7o2
1667|盧鳥|25c7o2
1668|土了|22c7o2
1669|馨皛|82c7o2
1670|烏皎|81c7o2
1671|奴鳥|24c7o2
1672|胡了|83c7o2
1673|徒了|23c7o2
1674|苦皎|72c7o2
1675|子了|41c7o2
1676|私兆|44c5o2
1677|治小|33c6o2
1678|之少|61c5o2
1679|於兆|81c6o2
1680|丑小|32c6o2
1681|書沼|64c5o2
1682|而沼|66c5o2
1683|符少|13c5o2
1684|尺沼|62c5o2
1685|敷沼|12c5o2
1686|亡沼|14c5o2
1687|市沼|63c5o2
1688|居夭|71c6o2
1689|陂矯|11c6o2
1690|方小|11c5o2
1691|平表|13c6o2
1692|以沼|85c5o2
1693|親小|42c5o2
1694|子小|41c5o2
1695|巨夭|73c6o2
1696|力小|25c5o2
1697|滂表|12c6o2
1698|於小|81c5o2
1699|苦絞|72c2o2
1700|下巧|83c2o2
1701|博巧|11c2o2
1702|奴巧|34c2o2
1703|莫飽|14c2o2
1704|古巧|71c2o2
1705|側絞|51c2o2
1706|於絞|81c2o2
1707|薄巧|13c2o2
1708|五巧|74c2o2
1709|士絞|53c2o2
1710|初爪|52c2o2
1711|張絞|31c2o2
1712|山巧|54c2o2
1713|胡老|83c1o2
1714|薄浩|13c1o2
1715|盧晧|25c1o2
1716|他浩|22c1o2
1717|徒晧|23c1o2
1718|奴晧|24c1o2
1719|蘇老|44c1o2
1720|都晧|21c1o2
1721|采老|42c1o2
1722|子晧|41c1o2
1723|昨早|43c1o2
1724|古老|71c1o2
1725|呼晧|82c1o2
1726|武道|14c1o2
1727|博抱|11c1o2
1728|烏晧|81c1o2
1729|苦浩|72c1o2
1730|五老|74c1o2
1731|古我|71c1p2
1732|千可|42c1p2
1733|丁可|21c1p2
1734|蘇可|44c1p2
1735|徒可|23c1p2
1736|五可|74c1p2
1737|吐可|22c1p2
1738|來可|25c1p2
1739|奴可|24c1p2
1740|胡可|83c1p2
1741|虚我|82c1p2
1742|枯我|72c1p2
1743|烏可|81c1p2
1744|臧可|41c1p2
1745|古火|71o1p2
1746|丁果|21o1p2
1747|蘇果|44o1p2
1748|徒果|23o1p2
1749|他果|22o1p2
1750|亡果|14o1p2
1751|徂果|43o1p2
1752|五果|74o1p2
1753|郎果|25o1p2
1754|烏果|81o1p2
1755|奴果|24o1p2
1756|布火|11o1p2
1757|普火|12o1p2
1758|胡果|83o1p2
1759|呼果|82o1p2
1760|苦果|72o1p2
1761|捕可|13o1p2
1762|倉果|42o1p2
1763|作可|41o1p2
1764|莫下|14c2q2
1765|章也|61c4q2
1766|羊者|85c4q2
1767|五下|74c2q2
1768|古疋|71c2q2
1769|砂下|54c2q2
1770|烏下|81c2q2
1771|徐野|45c4q2
1772|胡雅|83c2q2
1773|悉姐|44c4q2
1774|𩛠瓦|41o3p2
1775|彌也|14c4q2
1776|七也|42c4q2
1777|許下|82c2q2
1778|常者|63c4q2
1779|苦下|72c2q2
1780|傍下|13c2q2
1781|書冶|64c4q2
1782|兹野|41c4q2
1783|愽下|11c2q2
1784|胡瓦|83o2q2
1785|古瓦|71o2q2
1786|五寡|74o2q2
1787|人者|66c4q2
1788|側下|51c2q2
1789|都賈|31c2q2
1790|士下|53c2q2
1791|昌者|62c4q2
1792|竹下|31c2q2
1793|奴下|34c2q2
1794|苦瓦|72o2q2
1795|叉瓦|52o2q2
1796|丑寡|32o2q2
1797|沙瓦|54o2q2
1798|丑下|32c2q2
1799|盧下|25c2q2
1800|餘兩|85c4r2
1801|徐兩|45c4r2
1802|即兩|41c4r2
1803|良㢡|25c4r2
1804|於兩|81c4r2
1805|其兩|73c4r2
1806|魚兩|74c4r2
1807|初兩|52c4r2
1808|息兩|44c4r2
1809|諸兩|61c4r2
1810|踈兩|54c4r2
1811|許兩|82c4r2
1812|昌兩|62c4r2
1813|居兩|71c4r2
1814|直兩|33c4r2
1815|丑兩|32c4r2
1816|居往|71o4r2
1817|如兩|66c4r2
1818|書兩|64c4r2
1819|妃兩|12o4r2
1820|文兩|14o4r2
1821|分网|11o4r2
1822|紆往|81o4r2
1823|于兩|84o4r2
1824|許昉|82o4r2
1825|七兩|42c4r2
1826|知丈|31c4r2
1827|時掌|63c4r2
1828|求往|73o4r2
1829|俱往|71o4r2
1830|毗養|13o4r2
1831|初丈|52c4r2
1832|徒朗|23c1r2
1833|蘇朗|44c1r2
1834|古晃|71o1r2
1835|北朗|11c1r2
1836|子朗|41c1r2
1837|奴朗|24c1r2
1838|胡朗|83c1r2
1839|他朗|22c1r2
1840|模朗|14c1r2
1841|多朗|21c1r2
1842|盧黨|25c1r2
1843|烏朗|81c1r2
1844|苦朗|72c1r2
1845|烏晃|81o1r2
1846|胡廣|83o1r2
1847|匹朗|12c1r2
1848|呼晃|82o1r2
1849|各朗|71c1r2
1850|五朗|74c1r2
1851|徂朗|43c1r2
1852|麁朗|42c1r2
1853|呼朗|82c1r2
1854|丘晃|72o1r2
1855|古杏|71c2s2
1856|兵永|11c3s2
1857|居影|71c3s2
1858|於丙|81c3s2
1859|所景|54c3s2
1860|于憬|84o3s2
1861|許永|82o3s2
1862|武永|14c3s2
1863|俱永|71o3s2
1864|何梗|83c2s2
1865|莫幸|14c2s2
1866|古猛|71o2s2
1867|布梗|11c2s2
1868|張梗|31c2s2
1869|徒杏|33c2s2
1870|烏猛|81o2s2
1871|德冷|21c2s2
1872|魯打|25c2s2
1873|乎䁝|83o2s2
1874|蒲猛|13c2s2
1875|苦礦|72o2s2
1876|拏梗|34c2s2
1877|古幸|71c2t2
1878|武幸|14c2t2
1879|胡耿|83c2t2
1880|蒲幸|13c2t2
1881|普幸|12c2t2
1882|疾郢|43c4t2
1883|之郢|61c4t2
1884|丑郢|32c4t2
1885|以整|85c4t2
1886|巨郢|73c4t2
1887|餘頃|85o4t2
1888|良郢|25c4t2
1889|居郢|71c4t2
1890|必郢|11c4t2
1891|去潁|72o4t2
1892|子郢|41c4t2
1893|於郢|81c4t2
1894|七靜|42c4t2
1895|息井|44c4t2
1896|亡井|14c4t2
1897|丈井|33c4t2
1898|戸頂|83o7t2
1899|古迥|71o7t2
1900|莫迥|14c7t2
1901|都挺|21c7t2
1902|徒鼎|23c7t2
1903|他鼎|22c7t2
1904|徂醒|43c7t2
1905|烏迥|81o7t2
1906|去挺|72c7t2
1907|乃挺|24c7t2
1908|胡頂|83c7t2
1909|蘇挺|44c7t2
1910|補鼎|11c7t2
1911|口迥|72o7t2
1912|古挺|71c7t2
1913|匹迥|12c7t2
1914|烟涬|81c7t2
1915|力鼎|25c7t2
1916|蒲迥|13c7t2
1917|火迥|82o7t2
1918|五剄|74c7t2
1919||61c4u2
1920|丑拯|32c4u2
1921|其拯|73c4u2
1922|色庱|54c4u2
1923|多肯|21c1u2
1924|普等|12c1u2
1925|苦等|72c1u2
1926|奴等|24c1u2
1927|云久|84c4v2
1928|力久|25c4v2
1929|女久|34c4v2
1930|敕久|32c4v2
1931|陟柳|31c4v2
1932|許久|82c4v2
1933|舉有|71c4v2
1934|書九|64c4v2
1935|昌九|62c4v2
1936|在九|43c4v2
1937|房久|13c4v2
1938|方久|11c4v2
1939|去久|72c4v2
1940|人九|66c4v2
1941|其九|73c4v2
1942|除柳|33c4v2
1943|與久|85c4v2
1944|殖酉|63c4v2
1945|息有|44c4v2
1946|於柳|81c4v2
1947|子酉|41c4v2
1948|踈有|54c4v2
1949|之九|61c4v2
1950|芳否|12c4v2
1951|側九|51c4v2
1952|士九|53c4v2
1953|初九|52c4v2
1954|芳婦|12c4v2
1955|胡口|83c1v2
1956|莫厚|14c1v2
1957|蒲口|13c1v2
1958|當口|21c1v2
1959|天口|22c1v2
1960|古厚|71c1v2
1961|五口|74c1v2
1962|方垢|11c1v2
1963|乃后|24c1v2
1964|蘇后|44c1v2
1965|呼后|82c1v2
1966|普后|12c1v2
1967|烏后|81c1v2
1968|郎斗|25c1v2
1969|子苟|41c1v2
1970|苦后|72c1v2
1971|徒口|23c1v2
1972|仕垢|53c1v2
1973|蒼苟|42c1v2
1974|於糾|81c4w2
1975|居黝|71c4w2
1976|渠黝|73c4w2
1977|七稔|42c5x2
1978|直稔|33c6x2
1979|丘甚|72c5x2
1980|力稔|25c5x2
1981|斯甚|44c5x2
1982|丑甚|32c6x2
1983|子朕|41c5x2
1984|如甚|66c5x2
1985|章荏|61c5x2
1986|式任|64c5x2
1987|食荏|65c5x2
1988|常枕|63c5x2
1989|昌枕|62c5x2
1990|初朕|52c6x2
1991|尼凜|34c6x2
1992|渠飲|73c6x2
1993|居飲|71c6x2
1994|慈荏|43c5x2
1995|牛錦|74c6x2
1996|踈錦|54c6x2
1997|筆錦|11c6x2
1998|於錦|81c6x2
1999|丕飲|12c6x2
2000|欽錦|72c6x2
2001|許錦|82c6x2
2002|張甚|31c6x2
2003|以荏|85c5x2
2004|士㾕|53c6x2
2005|古禫|71c1z2
2006|徒感|23c1z2
2007|烏感|81c1z2
2008|奴感|24c1z2
2009|他感|22c1z2
2010|徂感|43c1z2
2011|七感|42c1z2
2012|五感|74c1z2
2013|子感|41c1z2
2014|桑感|44c1z2
2015|苦感|72c1z2
2016|胡感|83c1z2
2017|盧感|25c1z2
2018|都感|21c1z2
2019|呼唵|82c1z2
2020|古覽|71c1y2
2021|賞敢|64c1y2
2022|盧敢|25c1y2
2023|吐敢|22c1y2
2024|都敢|21c1y2
2025|徒敢|23c1y2
2026|倉敢|42c1y2
2027|謨敢|14c1y2
2028|子敢|41c1y2
2029|才敢|43c1y2
2030|呼覽|82c1y2
2031|烏敢|81c1y2
2032|口敢|72c1y2
2033|以冉|85c5z2
2034|良冉|25c5z2
2035|虚檢|82c6z2
2036|方斂|11c6z2
2037|占琰|61c5z2
2038|丘檢|72c6z2
2039|魚檢|74c6z2
2040|巨險|73c6z2
2041|居奄|71c6z2
2042|於琰|81c5z2
2043|而琰|66c5z2
2044|失冉|64c5z2
2045|丑琰|32c6z2
2046|衣儉|81c6z2
2047|慈染|43c5z2
2048|七漸|42c5z2
2049|子冉|41c5z2
2050|謙琰|72c5z2
2051|時染|63c5z2
2052|他玷|22c7z2
2053|乃玷|24c7z2
2054|多忝|21c7z2
2055|徒玷|23c7z2
2056|苦簟|72c7z2
2057|力忝|25c7z2
2058|胡忝|83c7z2
2059|青忝|42c7z2
2060|兼玷|71c7z2
2061|明忝|14c7z2
2062|魚掩|74c3y2
2063|丘广|72c3y2
2064|於广|81c3y2
2065|下斬|83c2z2
2066|徒減|33c2z2
2067|苦減|72c2z2
2068|古斬|71c2z2
2069|士減|53c2z2
2070|力減|25c2z2
2071|側減|51c2z2
2072|初減|52c2z2
2073|火斬|82c2z2
2074|所斬|54c2z2
2075|乙減|81c2z2
2076|呼豏|82c2z2
2077|女減|34c2z2
2078|丑減|32c2z2
2079|胡黤|83c2y2
2080|丘檻|72c2y2
2081|山檻|54c2y2
2082|於檻|81c2y2
2083|初檻|52c2y2
2084|荒檻|82c2y2
2085|仕檻|53c2y2
2086|防錽|13o3z2
2087|亡范|14o3z2
2088|府犯|11o3z2
2089|丘犯|72o3z2
2090|峯犯|12o3z2
2091|丑犯|32o3z2
2092|蘇弄|44c1a3
2093|馮貢|13c4a3
2094|古送|71c1a3
2095|盧貢|25c1a3
2096|多貢|21c1a3
2097|苦貢|72c1a3
2098|作弄|41c1a3
2099|烏貢|81c1a3
2100|千弄|42c1a3
2101|徒弄|23c1a3
2102|他貢|22c1a3
2103|直衆|33c4a3
2104|方鳳|11c4a3
2105|去仲|72c4a3
2106|莫鳳|14c4a3
2107|香仲|82c4a3
2108|莫弄|14c1a3
2109|千仲|42c4a3
2110|撫鳳|12c4a3
2111|徂送|43c1a3
2112|陟仲|31c4a3
2113|胡貢|83c1a3
2114|奴凍|24c1a3
2115|之仲|61c4a3
2116|充仲|62c4a3
2117|仕仲|53c4a3
2118|呼貢|82c1a3
2119|蘇統|44c1b3
2120|子宋|41c1b3
2121|他綜|22c1b3
2122|莫綜|14c1b3
2123|乎宋|83c1b3
2124|余頌|85c4b3
2125|似用|45c4b3
2126|扶用|13c4b3
2127|渠用|73c4b3
2128|方用|11c4b3
2129|居用|71c4b3
2130|於用|81c4b3
2131|竹用|31c4b3
2132|子用|41c4b3
2133|丑用|32c4b3
2134|而用|66c4b3
2135|之用|61c4b3
2136|柱用|33c4b3
2137|良用|25c4b3
2138|區用|72c4b3
2139|疾用|43c4b3
2140|穠用|34c4b3
2141|古巷|71c2c3
2142|胡絳|83c2c3
2143|陟降|31c2c3
2144|直絳|33c2c3
2145|丑絳|32c2c3
2146|士絳|53c2c3
2147|匹絳|12c2c3
2148|楚絳|52c2c3
2149|色絳|54c2c3
2150|支義|61c5d3
2151|毗義|13c5d3
2152|之睡|61o5d3
2153|力智|25c5d3
2154|是義|63c5d3
2155|子智|41c5d3
2156|斯義|44c5d3
2157|于僞|84o6d3
2158|詭僞|71o6d3
2159|披義|12c6d3
2160|彼義|11c6d3
2161|平義|13c6d3
2162|良僞|25o5d3
2163|居義|71c6d3
2164|卑義|11c5d3
2165|奇寄|73c6d3
2166|七賜|42c5d3
2167|以豉|85c5d3
2168|宜寄|74c6d3
2169|匹賜|12c5d3
2170|疾智|43c5d3
2171|知義|31c6d3
2172|於義|81c6d3
2173|馳僞|33o6d3
2174|尺僞|62o5d3
2175|香義|82c6d3
2176|去智|72c5d3
2177|於賜|81c5d3
2178|施智|64c5d3
2179|所寄|54c6d3
2180|窺瑞|72o5d3
2181|於僞|81o6d3
2182|危睡|74o6d3
2183|況僞|82o6d3
2184|於避|81o5d3
2185|是僞|63o5d3
2186|居企|71c5d3
2187|而瑞|66o5d3
2188|充豉|62c5d3
2189|思累|44o5d3
2190|竹恚|31o6d3
2191|以睡|85o5d3
2192|女恚|34o6d3
2193|規恚|71o5d3
2194|爭義|51c6d3
2195|呼恚|82o5d3
2196|卿義|72c6d3
2197|脂利|61c5e3
2198|于愧|84o6e3
2199|明祕|14c6e3
2200|徐醉|45o5e3
2201|將遂|41o5e3
2202|雖遂|44o5e3
2203|力遂|25o5e3
2204|兵媚|11c6e3
2205|求位|73o6e3
2206|匹備|12c6e3
2207|平祕|13c6e3
2208|俱位|71o6e3
2209|所類|54o6e3
2210|丘愧|72o6e3
2211|許位|82o6e3
2212|常利|63c5e3
2213|力至|25c5e3
2214|女利|34c6e3
2215|匹寐|12c5e3
2216|魚器|74c6e3
2217|陟利|31c6e3
2218|詰利|72c5e3
2219|直利|33c6e3
2220|彌二|14c5e3
2221|丑利|32c6e3
2222|几利|71c6e3
2223|其冀|73c6e3
2224|其季|73o5e3
2225|七醉|42o5e3
2226|而至|66c5e3
2227|資四|41c5e3
2228|七四|42c5e3
2229|乙兾|81c6e3
2230|息利|44c5e3
2231|去冀|72c6e3
2232|居悸|71o5e3
2233|毗至|13c5e3
2234|香季|82o5e3
2235|必至|11c5e3
2236|秦醉|43o5e3
2237|徒四|23c5e3
2238|虚器|82c6e3
2239|羊至|85c5e3
2240|神至|65c5e3
2241|疾二|43c5e3
2242|直類|33o6e3
2243|尺類|62o5e3
2244|以醉|85o5e3
2245|火季|82o5e3
2246|追萃|31o6e3
2247|充自|62c5e3
2248|矢利|64c5e3
2249|楚愧|52o6e3
2250|釋類|64o5e3
2251|職吏|61c4e3
2252|直吏|33c4e3
2253|祥吏|45c4e3
2254|七吏|42c4e3
2255|相吏|44c4e3
2256|式吏|64c4e3
2257|側吏|51c4e3
2258|力置|25c4e3
2259|疾置|43c4e3
2260|丑吏|32c4e3
2261|仍吏|66c4e3
2262|踈吏|54c4e3
2263|初吏|52c4e3
2264|羊吏|85c4e3
2265|陟吏|31c4e3
2266|時吏|63c4e3
2267|鉏吏|53c4e3
2268|渠記|73c4e3
2269|昌志|62c4e3
2270|於記|81c4e3
2271|居吏|71c4e3
2272|許記|82c4e3
2273|魚記|74c4e3
2274|去吏|72c4e3
2275|無沸|14o3e3
2276|居胃|71o3e3
2277|于貴|84o3e3
2278|魚貴|74o3e3
2279|方味|11o3e3
2280|芳未|12o3e3
2281|丘畏|72o3e3
2282|於胃|81o3e3
2283|許貴|82o3e3
2284|扶沸|13o3e3
2285|居豙|71c3e3
2286|魚旣|74c3e3
2287|去旣|72c3e3
2288|許旣|82c3e3
2289|其旣|73c3e3
2290|於旣|81c3e3
2291|牛倨|74c4f3
2292|良倨|25c4f3
2293|居御|71c4f3
2294|七慮|42c4f3
2295|丘倨|72c4f3
2296|常恕|63c4f3
2297|商署|64c4f3
2298|陟慮|31c4f3
2299|章恕|61c4f3
2300|所去|54c4f3
2301|依倨|81c4f3
2302|遟倨|33c4f3
2303|其據|73c4f3
2304|息據|44c4f3
2305|牀據|53c4f3
2306|將預|41c4f3
2307|莊助|51c4f3
2308|人恕|66c4f3
2309|羊洳|85c4f3
2310|許御|82c4f3
2311|尼據|34c4f3
2312|瘡據|52c4f3
2313|昌據|62c4f3
2314|抽據|32c4f3
2315|徐預|45c4f3
2316|牛具|74o4g3
2317|衣遇|81o4g3
2318|常句|63o4g3
2319|持遇|33o4g3
2320|符遇|13o4g3
2321|之戍|61o4g3
2322|九遇|71o4g3
2323|香句|82o4g3
2324|傷遇|64o4g3
2325|羊戍|85o4g3
2326|而遇|66o4g3
2327|芳遇|12o4g3
2328|亡遇|14o4g3
2329|子句|41o4g3
2330|其遇|73o4g3
2331|王遇|84o4g3
2332|才句|43o4g3
2333|色句|54o4g3
2334|方遇|11o4g3
2335|七句|42o4g3
2336|中句|31o4g3
2337|區遇|72o4g3
2338|芻注|52o4g3
2339|丑注|32o4g3
2340|思句|44o4g3
2341|良遇|25o4g3
2342|莫故|14c1g3
2343|徒故|23c1g3
2344|洛故|25c1g3
2345|當故|21c1g3
2346|湯故|22c1g3
2347|古暮|71c1g3
2348|五故|74c1g3
2349|胡誤|83c1g3
2350|桑故|44c1g3
2351|昨誤|43c1g3
2352|乃故|24c1g3
2353|愽故|11c1g3
2354|烏路|81c1g3
2355|普故|12c1g3
2356|倉故|42c1g3
2357|苦故|72c1g3
2358|薄故|13c1g3
2359|荒故|82c1g3
2360|臧祚|41c1g3
2361|子計|41c7i3
2362|都計|21c7i3
2363|在詣|43c7i3
2364|他計|22c7i3
2365|特計|23c7i3
2366|七計|42c7i3
2367|蘇計|44c7i3
2368|五計|74c7i3
2369|古詣|71c7i3
2370|胡計|83c7i3
2371|苦計|72c7i3
2372|於計|81c7i3
2373|莫計|14c7i3
2374|博計|11c7i3
2375|胡桂|83o7i3
2376|古惠|71o7i3
2377|呼惠|82o7i3
2378|匹詣|12c7i3
2379|蒲計|13c7i3
2380|郎計|25c7i3
2381|丑戾|32c7i3
2382|奴計|24c7i3
2383|呼計|82c7i3
2384|子例|41c5i3
2385|相銳|44o5i3
2386|于歲|84o6i3
2387|而銳|66o5i3
2388|之銳|61o5i3
2389|山芮|54o6i3
2390|此芮|42o5i3
2391|以芮|85o5i3
2392|陟衛|31o6i3
2393|舒芮|64o5i3
2394|毗祭|13c5i3
2395|楚稅|52o6i3
2396|祥歲|45o5i3
2397|必袂|11c5i3
2398|居衛|71o6i3
2399|彌獘|14c5i3
2400|所例|54c6i3
2401|尺制|62c5i3
2402|征例|61c5i3
2403|時制|63c5i3
2404|餘制|85c5i3
2405|於罽|81c6i3
2406|魚祭|74c5i3
2407|直例|33c6i3
2408|力制|25c5i3
2409|去例|72c6i3
2410|舒制|64c5i3
2411|居例|71c6i3
2412|竹例|31c6i3
2413|其憩|73c6i3
2414|甞芮|63o5i3
2415|丑例|32c6i3
2416|除芮|33o6i3
2417|牛例|74c6i3
2418|子芮|41o5i3
2419|匹蔽|12c5i3
2420|丘吠|72o3h3
2421|呼吠？|82o3h3
2422|他蓋|22c1h3
2423|古太|71c1h3
2424|五蓋|74c1h3
2425|於蓋|81c1h3
2426|奴帶|24c1h3
2427|徒蓋|23c1h3
2428|胡蓋|83c1h3
2429|當蓋|21c1h3
2430|愽蓋|11c1h3
2431|普蓋|12c1h3
2432|黃外|83o1h3
2433|杜外|23o1h3
2434|古外|71o1h3
2435|祖外|41o1h3
2436|呼會|82o1h3
2437|苦會|72o1h3
2438|郎外|25o1h3
2439|五會|74o1h3
2440|丁外|21o1h3
2441|烏外|81o1h3
2442|才外|43o1h3
2443|先外|44o1h3
2444|麤最|42o1h3
2445|蒲蓋|13c1h3
2446|苦蓋|72c1h3
2447|倉大|42c1h3
2448|落蓋|25c1h3
2449|呼艾|82c1h3
2450|他外|22o1h3
2451|莫貝|14c1h3
2452|七外|42o1h3
2453|古賣|71o2j3
2454|古隘|71c2j3
2455|烏懈|81c2j3
2456|胡懈|83c2j3
2457|莫懈|14c2j3
2458|胡卦|83o2j3
2459|楚懈|52c2j3
2460|五懈|74c2j3
2461|火懈|82c2j3
2462|方卦|11c2j3
2463|傍卦|13c2j3
2464|士懈|53c2j3
2465|匹卦|12c2j3
2466|側賣|51c2j3
2467|苦賣|72c2j3
2468|所賣|54c2j3
2469|呼卦|82o2j3
2470|方賣|11c2j3
2471|竹賣|31o2j3
2472|古壞|71o2i3
2473|烏界|81c2i3
2474|側界|51c2i3
2475|古拜|71c2i3
2476|女介|34c2i3
2477|許介|82c2i3
2478|胡介|83c2i3
2479|五介|74c2i3
2480|苦怪|72o2i3
2481|博怪|11c2i3
2482|普拜|12c2i3
2483|胡怪|83o2i3
2484|五怪|74o2i3
2485|蒲拜|13c2i3
2486|莫拜|14c2i3
2487|火怪|82o2i3
2488|所拜|54c2i3
2489|苦戒|72c2i3
2490|辿怪|32o2i3
2491|古賣|71o2h3
2492|苦夬|72o2h3
2493|莫話|14c2h3
2494|下快|83o2h3
2495|薄邁|13c2h3
2496|烏快|81o2h3
2497|楚夬|52o2h3
2498|古喝|71c2h3
2499|丑犗|32c2h3
2500|於犗|81c2h3
2501|所犗|54c2h3
2502|除邁|33c2h3
2503|火犗|82c2h3
2504|火夬|82o2h3
2505|補邁|11c2h3
2506|倉夬|42o2h3
2507|犲夬|53c2h3
2508|何犗|83c2h3
2509|徒對|23o1i3
2510|蒲昧|13o1i3
2511|莫佩|14o1i3
2512|滂佩|12o1i3
2513|荒内|82o1i3
2514|都隊|21o1i3
2515|七内|42o1i3
2516|子對|41o1i3
2517|烏繢|81o1i3
2518|他内|22o1i3
2519|古對|71o1i3
2520|胡對|83o1i3
2521|苦對|72o1i3
2522|蘇内|44o1i3
2523|奴對|24o1i3
2524|盧對|25o1i3
2525|補妹|11o1i3
2526|五對|74o1i3
2527|胡輩|83o1i3
2528|徒耐|23c1i3
2529|作代|41c1i3
2530|莫代|14c1i3
2531|先代|44c1i3
2532|他代|22c1i3
2533|古代|71c1i3
2534|苦蓋|72c1i3
2535|五漑|74c1i3
2536|烏代|81c1i3
2537|胡槩|83c1i3
2538|奴代|24c1i3
2539|都代|21c1i3
2540|落代|25c1i3
2541|倉代|42c1i3
2542|昨代|43c1i3
2543|海愛|82c1i3
2544|方肺|11o3h3
2545|方廢?|12o3h3
2546|於廢|81o3h3
2547|符廢|13o3h3
2548|許穢|82o3h3
2549|渠穢|73o3h3
2550|魚肺|74c3h3
2551|章刃|61c5k3
2552|息晉|44c5k3
2553|而振|66c5k3
2554|羊晉|85c5k3
2555|良刃|25c5k3
2556|必刃|11c5k3
2557|直刃|33c6k3
2558|時刃|63c5k3
2559|試刃|64c5k3
2560|去刃|72c6k3
2561|徐刃|45c5k3
2562|魚覲|74c6k3
2563|即刃|41c5k3
2564|許覲|82c6k3
2565|陟刃|31c6k3
2566|渠遴|73c6k3
2567|初覲|52c6l3
2568|於刃|81c5k3
2569|丑刃|32c6k3
2570|撫刃|12c5k3
2571|七遴|42c5k3
2572|羌印|72c5k3
2573|九峻|71o5k3
2574|之閏|61o5k3
2575|私閏|44o5k3
2576|辭閏|45o5k3
2577|子峻|41o5k3
2578|舒閏|64o5k3
2579|如順|66o5k3
2580|食閏|65o5k3
2581|亡運|14o3k3
2582|王問|84o3k3
2583|許運|82o3k3
2584|匹問|12o3k3
2585|方問|11o3k3
2586|於問|81o3k3
2587|居運|71o3k3
2588|渠運|73o3k3
2589|扶問|13o3k3
2590|香靳|82c3k3
2591|居焮|71c3k3
2592|巨靳|73c3k3
2593|於靳|81c3k3
2594|吾靳|74c3k3
2595|魚怨|74o3m3
2596|於願|81o3m3
2597|方願|11o3m3
2598|去願|72o3m3
2599|無販|14o3m3
2600|符万|13o3m3
2601|芳万|12o3m3
2602|居万|71c3m3
2603|於建|81c3m3
2604|許建|82c3m3
2605|虚願|82o3m3
2606|渠建|73c3m3
2607|芳万|12o3m3
2608|于願|84o3m3
2609|語偃|74c3m3
2610|臼万|73o3m3
2611|居願|71o3m3
2612|胡困|83o1k3
2613|都困|21o1k3
2614|蘇困|44o1k3
2615|苦悶|72o1k3
2616|奴困|24o1k3
2617|烏困|81o1k3
2618|莫困|14o1k3
2619|徂悶|43o1k3
2620|古困|71o1k3
2621|普悶|12o1k3
2622|徒困|23o1k3
2623|倉困|42o1k3
2624|蒲悶|13o1k3
2625|五困|74o1k3
2626|盧困|25o1k3
2627|甫悶|11o1k3
2628|呼悶|82o1k3
2629|子寸|41o1k3
2630|胡艮|83c1k3
2631|古恨|71c1k3
2632|五恨|74c1k3
2633|烏恨|81c1k3
2634|侯旰|83c1m3
2635|他旦|22c1m3
2636|烏旰|81c1m3
2637|得按|21c1m3
2638|徒案|23c1m3
2639|古案|71c1m3
2640|五旰|74c1m3
2641|苦旰|72c1m3
2642|呼旰|82c1m3
2643|郎旰|25c1m3
2644|奴案|24c1m3
2645|蒼案|42c1m3
2646|蘇旰|44c1m3
2647|則旰|41c1m3
2648|徂賛|43c1m3
2649|胡玩|83o1m3
2650|子筭|41o1m3
2651|烏貫|81o1m3
2652|古玩|71o1m3
2653|七亂|42o1m3
2654|五換|74o1m3
2655|徒玩|23o1m3
2656|郎段|25o1m3
2657|丁貫|21o1m3
2658|通貫|22o1m3
2659|火貫|82o1m3
2660|蘇貫|44o1m3
2661|莫半|14o1m3
2662|博慢?|11o1m3
2663|普半|12o1m3
2664|薄半|13o1m3
2665|奴亂|24o1m3
2666|在玩|43o1m3
2667|口喚|72o1m3
2668|古晏|71c2m3
2669|五晏|74c2m3
2670|烏澗|81c2m3
2671|所晏|54c2m3
2672|下晏|83c2m3
2673|謨晏|14c2m3
2674|烏患|81o2m3
2675|胡慣|83o2m3
2676|古患|71o2m3
2677|生患|54o2m3
2678|初患|52o2m3
2679|五患|74o2m3
2680|士諫|53c2m3
2681|普患|12c2m3
2682|女患|34o2m3
2683|初鴈|52c2m3
2684|丑晏|32c2m3
2685|古莧|71c2n3
2686|侯襇|83c2n3
2687|蒲莧|13c2n3
2688|匹莧|12c2n3
2689|胡辨|83o2n3
2690|亡莧|14c2n3
2691|丈莧|33c2n3
2692|脯幻|11c2n3
2693|古幻|71o2n3
2694|蘇佃|44c7n3
2695|倉甸|42c7n3
2696|許縣|82o7n3
2697|黃練|83o7n3
2698|古縣|71o7n3
2699|堂練|23c7n3
2700|他甸|22c7n3
2701|郎甸|25c7n3
2702|古電|71c7n3
2703|奴甸|24c7n3
2704|苦甸|72c7n3
2705|胡甸|83c7n3
2706|吾甸|74c7n3
2707|於甸|81c7n3
2708|作甸|41c7n3
2709|莫甸|14c7n3
2710|普麵|12c7n3
2711|在甸|43c7n3
2712|烏縣|81o7n3
2713|都甸|21c7n3
2714|呼甸|82c7n3
2715|私箭|44c5n3
2716|之膳|61c5n3
2717|時戰|63c5n3
2718|魚變|74c6n3
2719|去戰|72c5n3
2720|吉掾|71o5n3
2721|王眷|84o6n3
2722|彌箭|14c5n3
2723|尺絹|62o5n3
2724|以絹|85o5n3
2725|陟扇|31c6n3
2726|人絹|66o5n3
2727|子賤|41c5n3
2728|昌戰|62c5n3
2729|式戰|64c5n3
2730|於扇|81c5n3
2731|居倦|71o6n3
2732|渠卷|73o6n3
2733|力卷|25o5n3
2734|丑戀|32o6n3
2735|彼眷|11c6n3
2736|所眷|54o6n3
2737|七絹|42o5n3
2738|皮變|13c6n3
2739|辝戀|45o5n3
2740|息眷|44o5n3
2741|士戀|53o6n3
2742|莊眷|51o6n3
2743|直戀|33o6n3
2744|才線|43c5n3
2745|似面|45c5n3
2746|匹戰|12c5n3
2747|時釧|63o5n3
2748|女箭|34c6n3
2749|知戀|31o6n3
2750|于線？|85c5n3
2751|婢面|13c5n3
2752|持碾|33c6n3
2753|連彦|25c5n3
2754|區倦|72o6n3
2755|之囀|61o5n3
2756|方見|11c7n3
2757|蘇弔|44c7o3
2758|他弔|22c7o3
2759|多嘯|21c7o3
2760|古弔|71c7o3
2761|奴弔|24c7o3
2762|徒弔|23c7o3
2763|苦弔|72c7o3
2764|力弔|25c7o3
2765|五弔|74c7o3
2766|烏叫|81c7o3
2767|火弔|82c7o3
2768|私妙|44c5o3
2769|之少|61c5o3
2770|弋照|85c5o3
2771|於笑|81c5o3
2772|直照|33c6o3
2773|寔照|63c5o3
2774|渠廟|73c6o3
2775|匹妙|12c5o3
2776|才笑|43c5o3
2777|彌笑|14c5o3
2778|七肖|42c5o3
2779|力照|25c5o3
2780|丘召|72c6o3
2781|牛召|74c6o3
2782|子肖|41c5o3
2783|眉召|14c6o3
2784|毗召|13c5o3
2785|失照|64c5o3
2786|丑召|32c6o3
2787|方廟|11c6o3
2788|巨要|73c5o3
2789|人要|66c5o3
2790|胡敎|83c2o3
2791|古孝|71c2o3
2792|呼敎|82c2o3
2793|都敎|31c2o3
2794|北敎|11c2o3
2795|苦敎|72c2o3
2796|莫敎|14c2o3
2797|匹皃|12c2o3
2798|丑敎|32c2o3
2799|所敎|54c2o3
2800|直敎|33c2o3
2801|奴敎|34c2o3
2802|側敎|51c2o3
2803|防敎|13c2o3
2804|初敎|52c2o3
2805|於敎|81c2o3
2806|五敎|74c2o3
2807|士稍|53c2o3
2808|胡倒|83c1o3
2809|徒到|23c1o3
2810|都導|21c1o3
2811|古到|71c1o3
2812|五到|74c1o3
2813|莫報|14c1o3
2814|郎到|25c1o3
2815|七到|42c1o3
2816|薄報|13c1o3
2817|博耗|11c1o3
2818|在到|43c1o3
2819|烏到|81c1o3
2820|蘇到|44c1o3
2821|苦到|72c1o3
2822|則到|41c1o3
2823|呼到|82c1o3
2824|那到|24c1o3
2825|古賀|71c1p3
2826|胡箇|83c1p3
2827|則箇|41c1p3
2828|丁佐|21c1p3
2829|郎佐|25c1p3
2830|口箇|72c1p3
2831|五个|74c1p3
2832|唐佐|23c1p3
2833|奴箇|24c1p3
2834|蘇箇|44c1p3
2835|呼箇|82c1p3
2836|吐邏|22c1p3
2837|古卧|71o1p3
2838|胡卧|83o1p3
2839|則卧|41o1p3
2840|苦卧|72o1p3
2841|湯卧|22o1p3
2842|補過|11o1p3
2843|麤卧|42o1p3
2844|摸卧|14o1p3
2845|乃卧|24o1p3
2846|普過|12o1p3
2847|徂卧|43o1p3
2848|吾貨|74o1p3
2849|千過|42o1p3
2850|呼臥|82o1p3
2851|徒臥|23o1p3
2852|符臥|13o1p3
2853|魯過|25o1p3
2854|都唾|21o1p3
2855|七過|42o1p3
2856|先臥|44o1p3
2857|安賀|81c1p3
2858|烏臥|81o1p3
2859|莫駕|14c2q3
2860|古訝|71c2q3
2861|衣嫁|81c2q3
2862|呼訝|82c2q3
2863|吾駕|74c2q3
2864|丑亞|32c2q3
2865|陟駕|31c2q3
2866|側駕|51c2q3
2867|鋤駕|53c2q3
2868|辝夜|45c4q3
2869|枯駕|72c2q3
2870|胡駕|83c2q3
2871|慈夜|43c4q3
2872|羊謝|85c4q3
2873|充夜|62c4q3
2874|司夜|44c4q3
2875|之夜|61c4q3
2876|子夜|41c4q3
2877|始夜|64c4q3
2878|神夜|65c4q3
2879|必駕|11c2q3
2880|普駕|12c2q3
2881|胡化|83o2q3
2882|呼霸|82o2q3
2883|苦化|72o2q3
2884|所化|54o2q3
2885|白駕|13c2q3
2886|乃亞|24c2q3
2887|遷謝|42c4q3
2888|所嫁|54c2q3
2889|古罵|71o2q3
2890|除駕|33c2q3
2891|五化|74o2q3
2892|烏㕦|81o2q3
2893|餘亮|85c4r3
2894|力讓|25c4r3
2895|鋤亮|53c4r3
2896|人樣|66c4r3
2897|式亮|64c4r3
2898|知亮|31c4r3
2899|丑亮|32c4r3
2900|許亮|82c4r3
2901|直亮|33c4r3
2902|女亮|34c4r3
2903|疾亮|43c4r3
2904|之亮|61c4r3
2905|時亮|63c4r3
2906|側亮|51c4r3
2907|於亮|81c4r3
2908|其亮|73c4r3
2909|尺亮|62c4r3
2910|初亮|52c4r3
2911|子亮|41c4r3
2912|魚向|74c4r3
2913|敷亮|12o4r3
2914|巫放|14o4r3
2915|許訪|82o4r3
2916|居況|71o4r3
2917|于放|84o4r3
2918|甫妄|11o4r3
2919|息亮|44c4r3
2920|居亮|71c4r3
2921|丘亮|72c4r3
2922|七亮|42c4r3
2923|渠放|73o4r3
2924|符況|13o4r3
2925|徒浪|23c1r3
2926|來宕|25c1r3
2927|下浪|83c1r3
2928|烏浪|81c1r3
2929|五浪|74c1r3
2930|則浪|41c1r3
2931|蒲浪|13c1r3
2932|徂浪|43c1r3
2933|丁浪|21c1r3
2934|苦浪|72c1r3
2935|補曠|11c1r3
2936|他浪|22c1r3
2937|苦謗|72o1r3
2938|奴浪|24c1r3
2939|蘇浪|44c1r3
2940|乎曠|83o1r3
2941|古曠|71o1r3
2942|古浪|71c1r3
2943|呼浪|82o1r3
2944|莫浪|14c1r3
2945|烏浪|81o1r3
2946|於敬|81c3s3
2947|居慶|71c3s3
2948|渠敬|73c3s3
2949|丘敬|72c3s3
2950|古孟|71c2s3
2951|眉病|14c3s3
2952|皮命|13c3s3
2953|莫更|14c2s3
2954|戸孟|83o2s3
2955|陂病|11c3s3
2956|爲命|84o3s3
2957|下更|83c2s3
2958|於孟|81c2s3
2959|楚敬|52c2s3
2960|猪孟|31c2s3
2961|他孟|32c2s3
2962|北孟|11c2s3
2963|除更|33c2s3
2964|所敬|54c2s3
2965|魚敬|74c3s3
2966|蒲孟|13c2s3
2967|許更|82c2s3
2968|烏橫|81o2s3
2969|側迸|51c2t3
2970|北諍|11c2t3
2971|蒲迸|13c2t3
2972|鷖迸|81c2t3
2973|五爭|74c2t3
2974|呼迸|82o2t3
2975|居正|71c4t3
2976|七政|42c4t3
2977|之盛|61c4t3
2978|式正|64c4t3
2979|直正|33c4t3
2980|丑鄭|32c4t3
2981|息正|44c4t3
2982|力政|25c4t3
2983|匹正|12c4t3
2984|休正|82o4t3
2985|畀政|11c4t3
2986|防正|13c4t3
2987|疾政|43c4t3
2988|承正|63c4t3
2989|彌正|14c4t3
2990|墟正|72c4t3
2991|許令|82c4t3
2992|子姓|41c4t3
2993|古定|71c7t3
2994|乃定|24c7t3
2995|蘇佞|44c7t3
2996|胡定|83c7t3
2997|徒徑|23c7t3
2998|丁定|21c7t3
2999|苦定|72c7t3
3000|他定|22c7t3
3001|千定|42c7t3
3002|莫定|14c7t3
3003|烏定|81c7t3
3004|郎定|25c7t3
3005|諸應|61c4u3
3006|以證|85c4u3
3007|實證|65c4u3
3008|而證|66c4u3
3009|於證|81c4u3
3010|子孕|41c4u3
3011|許應|82c4u3
3012|詩證|64c4u3
3013|丈證|33c4u3
3014|黑甑|82c4u3
3015|皮證|13c4u3
3016|昌孕|62c4u3
3017|牛𩜁|74c4u3
3018|常證|63c4u3
3019|丑證|32c4u3
3020|其𩜁|73c4u3
3021|都鄧|21c1u3
3022|昨亘|43c1u3
3023|古鄧|71c1u3
3024|千鄧|42c1u3
3025|徒亘|23c1u3
3026|武亘|14c1u3
3027|方隥|11c1u3
3028|父亘|13c1u3
3029|魯鄧|25c1u3
3030|子鄧|41c1u3
3031|思贈|44c1u3
3032|台鄧|22c1u3
3033|于救|84c4v3
3034|居祐|71c4v3
3035|直祐|33c4v3
3036|陟救|31c4v3
3037|舒救|64c4v3
3038|尺救|62c4v3
3039|似祐|45c4v3
3040|許救|82c4v3
3041|職救|61c4v3
3042|巨救|73c4v3
3043|所佑|54c4v3
3044|側救|51c4v3
3045|敷救|12c4v3
3046|初救|52c4v3
3047|方副|11c4v3
3048|丑救|32c4v3
3049|力救|25c4v3
3050|息救|44c4v3
3051|即救|41c4v3
3052|鋤佑|53c4v3
3053|疾僦|43c4v3
3054|女救|34c4v3
3055|扶富|13c4v3
3056|余救|85c4v3
3057|承呪|63c4v3
3058|人又|66c4v3
3059|亡救|14c4v3
3060|牛救|74c4v3
3061|丘救|72c4v3
3062|七溜|42c4v3
3063|胡遘|83c1v3
3064|苦候|72c1v3
3065|莫候|14c1v3
3066|匹候|12c1v3
3067|田候|23c1v3
3068|都豆|21c1v3
3069|奴豆|24c1v3
3070|蘇奏|44c1v3
3071|則候|41c1v3
3072|他候|22c1v3
3073|烏候|81c1v3
3074|古候|71c1v3
3075|倉奏|42c1v3
3076|盧候|25c1v3
3077|呼漏|82c1v3
3078|蒲候|13c1v3
3079|五遘|74c1v3
3080|才奏|43c1v3
3081|伊謬|81c4w3
3082|靡幼|14c4w3
3083|丘謬|72c4w3
3084|巨幼|73c4w3
3085|七鴆|42c5x3
3086|子鴆|41c5x3
3087|汝鴆|66c5x3
3088|直禁|33c6x3
3089|之任|61c5x3
3090|巨禁|73c6x3
3091|居蔭|71c6x3
3092|乃禁|34c6x3
3093|於禁|81c6x3
3094|所禁|54c6x3
3095|丑禁|32c6x3
3096|莊蔭|51c6x3
3097|楚譖|52c6x3
3098|宜禁|74c6x3
3099|知鴆|31c6x3
3100|良鴆|25c5x3
3101|時鴆|63c5x3
3102|于禁|84c6x3
3103|式禁|64c5x3
3104|苦紺|72c1z3
3105|古暗|71c1z3
3106|胡紺|83c1z3
3107|烏紺|81c1z3
3108|他紺|22c1z3
3109|蘇紺|44c1z3
3110|七紺|42c1z3
3111|徒紺|23c1z3
3112|五紺|74c1z3
3113|丁紺|21c1z3
3114|奴紺|24c1z3
3115|郎紺|25c1z3
3116|呼紺|82c1z3
3117|作紺|41c1z3
3118|苦濫|72c1y3
3119|盧𣊟|25c1y3
3120|吐濫|22c1y3
3121|古蹔|71c1y3
3122|呼濫|82c1y3
3123|下瞰|83c1y3
3124|徒濫|23c1y3
3125|藏濫|43c1y3
3126|都濫|21c1y3
3127|蘇暫|44c1y3
3128|以贍|85c5z3
3129|時豔|63c5z3
3130|而豔|66c5z3
3131|於豔|81c5z3
3132|方驗|11c6z3
3133|魚窆|74c6z3
3134|舒贍|64c5z3
3135|子豔|41c5z3
3136|七豔|42c5z3
3137|力驗|25c5z3
3138|丑豔|32c6z3
3139|昌豔|62c5z3
3140|於驗|81c6z3
3141|慈豔|43c5z3
3142|章豔|61c5z3
3143|他念|22c7z3
3144|奴店|24c7z3
3145|都念|21c7z3
3146|先念|44c7z3
3147|徒念|23c7z3
3148|紀念|71c7z3
3149|於念|81c7z3
3150|子念|41c7z3
3151|漸念|43c7z3
3152|古念|71c7z3
3153|苦念|72c7z3
3154|力念|25c7z3
3155|魚欠|74c3y3
3156|許欠|82c3y3
3157|丘釅|72c3y3
3158|亡劔|14o3z3
3159|戸韽|83c2z3
3160|於陷|81c2z3
3161|莊陷|51c2z3
3162|陟陷|31c2z3
3163|口陷|72c2z3
3164|佇陷|33c2z3
3165|仕陷|53c2z3
3166|公陷|71c2z3
3167|尼賺|34c2z3
3168|玉陷|74c2z3
3169|格懺|71c2y3
3170|楚鑑|52c2y3
3171|子鑑|51c2y3
3172|所鑑|54c2y3
3173|許鑑|82c2y3
3174|蒲鑑|13c2y3
3175|胡懺|83c2y3
3176|士懺|53c2y3
3177||81c2y3
3178|扶泛|13o3z3
3179|孚梵|12o3z3
3180|居欠|71c3y3
3181|去劔|72c3y3
3182|於劔|81c3y3
3183|烏谷|81c1a4
3184|徒谷|23c1a4
3185|古禄|71c1a4
3186|胡谷|83c1a4
3187|空谷|72c1a4
3188|他谷|22c1a4
3189|丁木|21c1a4
3190|桑谷|44c1a4
3191|盧谷|25c1a4
3192|呼木|82c1a4
3193|昨木|43c1a4
3194|千木|42c1a4
3195|作木|41c1a4
3196|蒲木|13c1a4
3197|普木|12c1a4
3198|博木|11c1a4
3199|莫卜|14c1a4
3200|方六|11c4a4
3201|房六|13c4a4
3202|所六|54c4a4
3203|力竹|25c4a4
3204|直六|33c4a4
3205|居六|71c4a4
3206|驅匊|72c4a4
3207|殊六|63c4a4
3208|昌六|62c4a4
3209|余六|85c4a4
3210|渠竹|73c4a4
3211|七宿|42c4a4
3212|如六|66c4a4
3213|之六|61c4a4
3214|式竹|64c4a4
3215|許竹|82c4a4
3216|張六|31c4a4
3217|子六|41c4a4
3218|初六|52c4a4
3219|女六|34c4a4
3220|側六|51c4a4
3221|芳福|12c4a4
3222|於六|81c4a4
3223|息逐|44c4a4
3224|莫六|14c4a4
3225|于六|84c4a4
3226|丑六|32c4a4
3227|魚菊|74c4a4
3228|才六|43c4a4
3229|烏酷|81c1b4
3230|徒沃|23c1b4
3231|冬毒|21c1b4
3232|苦沃|72c1b4
3233|胡沃|83c1b4
3234|蒲沃|13c1b4
3235|先篤|44c1b4
3236|古沃|71c1b4
3237|莫沃|14c1b4
3238|火酷|82c1b4
3239|内沃|24c1b4
3240|將毒|41c1b4
3241|博沃|11c1b4
3242|盧毒|25c1b4
3243|五沃|74c1b4
3244|之欲|61c4b4
3245|魚欲|74c4b4
3246|許玉|82c4b4
3247|居玉|71c4b4
3248|渠玉|73c4b4
3249|市玉|63c4b4
3250|尺玉|62c4b4
3251|而蜀|66c4b4
3252|書玉|64c4b4
3253|余蜀|85c4b4
3254|直録|33c4b4
3255|力玉|25c4b4
3256|丘玉|72c4b4
3257|陟玉|31c4b4
3258|即玉|41c4b4
3259|神蜀|65c4b4
3260|房玉|13c4b4
3261|七玉|42c4b4
3262|似足|45c4b4
3263|相玉|44c4b4
3264|封曲|11c4b4
3265|丑玉|32c4b4
3266|古岳|71c2c4
3267|五角|74c2c4
3268|士角|53c2c4
3269|側角|51c2c4
3270|所角|54c2c4
3271|竹角|31c2c4
3272|北角|11c2c4
3273|莫角|14c2c4
3274|蒲角|13c2c4
3275|匹角|12c2c4
3276|苦角|72c2c4
3277|直角|33c2c4
3278|於角|81c2c4
3279|女角|34c2c4
3280|敕角|32c2c4
3281|呂角|25c2c4
3282|胡覺|83c2c4
3283|許角|82c2c4
3284|測角|52c2c4
3285|之日|61c5k4
3286|人質|66c5k4
3287|神質|65c5k4
3288|直一|33c6k4
3289|息七|44c5k4
3290|於悉|81c5k4
3291|親吉|42c5k4
3292|譬吉|12c5k4
3293|居質|71c5k4
3294|尼質|34c6k4
3295|夷質|85c5k4
3296|去吉|72c5k4
3297|許吉|82c5k4
3298|丑栗|32c6k4
3299|力質|25c5k4
3300|陟栗|31c6k4
3301|秦悉|43c5k4
3302|初栗|52c6l4
3303|式質|64c5k4
3304|資悉|41c5k4
3305|彌畢|14c5k4
3306|卑吉|11c5k4
3307|巨乙|73c6k4
3308|毗必|13c5k4
3309|于筆|84o6k4
3310|所律|54o5k4
3311|昌栗|62c5k4
3312|仕叱|53c6l4
3313|美畢|14c6k4
3314|房密|13c6k4
3315|於筆|81c6k4
3316|魚乙|74c6k4
3317|鄙密|11c6k4
3318|徵筆|31o5k4
3319|羲乙|82c6k4
3320|居乙|71c6k4
3321|丁悉|31c6k4
3322|況必|82o5k4
3323|食聿|65o5k4
3324|居聿|71o5k4
3325|慈卹|43o5k4
3326|餘律|85o5k4
3327|子聿|41o5k4
3328|辛聿|44o5k4
3329|呂卹|25o5k4
3330|丑律|32o5k4
3331|竹律|31o5k4
3332|直律|33o5k4
3333|赤律|62o5k4
3334|倉聿|42o5k4
3335|側律|51o5k4
3336|許聿|82o5k4
3337|阻瑟|51c6l4
3338|所櫛|54c6l4
3339|崱瑟|53c6l4
3340|文弗|14o3k4
3341|分勿|11o3k4
3342|紆物|81o3k4
3343|九勿|71o3k4
3344|區勿|72o3k4
3345|衢物|73o3k4
3346|符弗|13o3k4
3347|許勿|82o3k4
3348|王勿|84o3k4
3349|敷勿|12o3k4
3350|魚勿|74o3k4
3351|許迄|82c3k4
3352|居乙|71c3k4
3353|魚迄|74c3k4
3354|其迄|73c3k4
3355|去迄|72c3k4
3356|魚厥|74o3m4
3357|房越|13o3m4
3358|王伐|84o3m4
3359|居月|71o3m4
3360|於月|81o3m4
3361|其月|73o3m4
3362|去月|72o3m4
3363|方伐|11o3m4
3364|望發|14o3m4
3365|許月|82o3m4
3366|於歇|81c3m4
3367|許謁|82c3m4
3368|居謁|71c3m4
3369|其謁|73c3m4
3370|拂伐|12o3m4
3371|語訐|74c3m4
3372|莫勃|14o1k4
3373|土骨|22o1k4
3374|古忽|71o1k4
3375|蒲没|13o1k4
3376|當没|21o1k4
3377|他骨|22o1k4
3378|陀骨|23o1k4
3379|烏没|81o1k4
3380|呼骨|82o1k4
3381|五忽|74o1k4
3382|普没|12o1k4
3383|勒没|25o1k4
3384|苦骨|72o1k4
3385|内骨|24o1k4
3386|蘇骨|44o1k4
3387|倉没|42o1k4
3388|昨没|43o1k4
3389|下没|83c1k4
3390|戸骨|83o1k4
3391|臧没|41o1k4
3392|胡葛|83c1m4
3393|許葛|82c1m4
3394|當割|21c1m4
3395|他達|22c1m4
3396|烏葛|81c1m4
3397|盧達|25c1m4
3398|苦曷|72c1m4
3399|唐割|23c1m4
3400|才割|43c1m4
3401|五割|74c1m4
3402|古達|71c1m4
3403|桑割|44c1m4
3404|七曷|42c1m4
3405|奴曷|24c1m4
3406|矛割|14o1m4
3407|莫撥|14o1m4
3408|五活|74o1m4
3409|藏活|43o1m4
3410|北末|11o1m4
3411|姊末|41c1n4
3412|古活|71o1m4
3413|苦栝|72o1m4
3414|戸括|83o1m4
3415|徒活|23o1m4
3416|呼括|82o1m4
3417|烏括|81o1m4
3418|子括|41o1m4
3419|普活|12o1m4
3420|他括|22o1m4
3421|郎活|25o1m4
3422|丁括|21o1m4
3423|倉括|42o1m4
3424|蒲撥|13o1m4
3425|胡八|83c2n4
3426|側八|51c2n4
3427|蒲八|13c2n4
3428|恪八|72c2n4
3429|戸八|83o2n4
3430|博拔|11c2n4
3431|丁滑|31o2n4
3432|烏八|81o2n4
3433|女滑|34o2n4
3434|初八|52c2n4
3435|古滑|71o2n4
3436|古黠|71c2n4
3437|烏黠|81c2n4
3438|所八|54c2n4
3439|莫八|14c2n4
3440|呼八|82c2n4
3441|女黠|34c2n4
3442|五滑|74o2n4
3443|口滑|72o2n4
3444|普八|12c2n4
3445|鄒滑|51o2n4
3446|胡瞎|83c2m4
3447|乙鎋|81c2m4
3448|五鎋|74c2m4
3449|初鎋|52c2m4
3450|枯鎋|72c2m4
3451|許鎋|82c2m4
3452|他鎋|32c2m4
3453|古䫄|71o2m4
3454|下刮|83o2m4
3455|丑刮|32o2m4
3456|丁刮|31o2m4
3457|數刮|54o2m4
3458|五刮|74o2m4
3459|初刮|52o2m4
3460|莫鎋|14c2m4
3461|女刮|34o2m4
3462|百鎋|11c2m4
3463|古鎋|71c2m4
3464|査鎋|53c2m4
3465|陟鎋|31c2m4
3466|而轄|66c2m4
3467|先結|44c7n4
3468|千結|42c7n4
3469|古屑|71c7n4
3470|子結|41c7n4
3471|呼決|82o7n4
3472|苦穴|72o7n4
3473|古穴|71o7n4
3474|胡決|83o7n4
3475|於決|81o7n4
3476|徒結|23c7n4
3477|他結|22c7n4
3478|胡結|83c7n4
3479|奴結|24c7n4
3480|昨結|43c7n4
3481|五結|74c7n4
3482|莫結|14c7n4
3483|方結|11c7n4
3484|烏結|81c7n4
3485|苦結|72c7n4
3486|虎結|82c7n4
3487|普蔑|12c7n4
3488|蒲結|13c7n4
3489|丁結|21c7n4
3490|練結|25c7n4
3491|私列|44c5n4
3492|良辥|25c5n4
3493|陟列|31c6n4
3494|渠列|73c6n4
3495|如列|66c5n4
3496|旨熱|61c5n4
3497|食列|65c5n4
3498|常列|63c5n4
3499|魚列|74c6n4
3500|亡列|14c5n4
3501|丘竭|72c6n4
3502|并列|11c5n4
3503|情雪|43o5n4
3504|子悅|41o5n4
3505|相絕|44o5n4
3506|丑悅|32o6n4
3507|弋雪|85o5n4
3508|傾雪|72o5n4
3509|乙劣|81o6n4
3510|如劣|66o5n4
3511|失爇|64o5n4
3512|職悅|61o5n4
3513|昌悅|62o5n4
3514|陟劣|31o6n4
3515|力輟|25o5n4
3516|芳滅|12c5n4
3517|皮列|13c6n4
3518|直列|33c6n4
3519|方别|11c6n4
3520|所劣|54o6n4
3521|居列|71c6n4
3522|識列|64c5n4
3523|女劣|34o6n4
3524|許劣|82o6n4
3525|於悅|81o5n4
3526|紀劣|71o6n4
3527|側劣|51o6n4
3528|七絕|42o5n4
3529|姊劣|41o5n4
3530|山列|54c6n4
3531|於列|81c6n4
3532|丑列|32c6n4
3533|許别|82c6n4
3534|姝雪|62o5n4
3535|厠列|52c6n4
3536|寺絕|45o5n4
3537|昌列|62c5n4
3538|羊列|85c5n4
3539|士列|53c6n4
3540|以灼|85c4r4
3541|離灼|25c4r4
3542|居勺|71c4r4
3543|之若|61c4r4
3544|書藥|64c4r4
3545|而灼|66c4r4
3546|昌約|62c4r4
3547|於略|81c4r4
3548|去約|72c4r4
3549|魚約|74c4r4
3550|市若|63c4r4
3551|丑略|32c4r4
3552|息約|44c4r4
3553|側略|51c4r4
3554|即略|41c4r4
3555|在爵|43c4r4
3556|七雀|42c4r4
3557|其虐|73c4r4
3558|憂縛|81o4r4
3559|符钁|13o4r4
3560|許縛|82o4r4
3561|王縛|84o4r4
3562|居縛|71o4r4
3563|張略|31c4r4
3564|直略|33c4r4
3565|丘縛|72o4r4
3566|具籰|73o4r4
3567|女略|34c4r4
3568|孚縛|12o4r4
3569|虚約|82c4r4
3570|徒落|23c1r4
3571|慕各|14c1r4
3572|盧各|25c1r4
3573|他各|22c1r4
3574|則落|41c1r4
3575|倉各|42c1r4
3576|古落|71c1r4
3577|苦各|72c1r4
3578|五各|74c1r4
3579|匹各|12o1r4
3580|烏各|81c1r4
3581|傍各|13o1r4
3582|呵各|82c1r4
3583|蘇各|44c1r4
3584|下各|83c1r4
3585|在各|43c1r4
3586|補各|11o1r4
3587|奴各|24c1r4
3588|虚郭|82o1r4
3589|古博|71o1r4
3590|烏郭|81o1r4
3591|胡郭|83o1r4
3592|苦郭|72o1r4
3593|五郭|74o1r4
3594|盧穫|25o1r4
3595|祖郭|41o1r4
3596|莫白|14c2s4
3597|陟格|31c2s4
3598|傍陌|13c2s4
3599|博陌|11c2s4
3600|奇逆|73c3s4
3601|几劇|71c3s4
3602|山戟|54c3s4
3603|測戟|52c3s4
3604|胡伯|83o2s4
3605|側伯|51c2s4
3606|鋤陌|53c2s4
3607|綺戟|72c3s4
3608|五陌|74c2s4
3609|宜戟|74c3s4
3610|苦格|72c2s4
3611|烏格|81c2s4
3612|許郤|82c3s4
3613|丑格|32c2s4
3614|乙白|81o2s4
3615|普伯|12c2s4
3616|呼格|82c2s4
3617|胡格|83c2s4
3618|古伯|71c2s4
3619|虎伯|82o2s4
3620|瑒伯|33c2s4
3621|古伯|71o2s4
3622|一虢|81o3s4
3623|女白|34o2s4
3624|丘擭|72o2s4
3625|弼戟|13c3s4
3626|莫獲|14c2t4
3627|胡麥|83o2t4
3628|古獲|71o2t4
3629|博厄|11c2t4
3630|蒲革|13c2t4
3631|士革|53c2t4
3632|側革|51c2t4
3633|査獲|53o2t4
3634|楚革|52c2t4
3635|楷革|72c2t4
3636|呼麥|82o2t4
3637|下革|83c2t4
3638|古核|71c2t4
3639|陟革|31c2t4
3640|於革|81c2t4
3641|山責|54c2t4
3642|普麥|12c2t4
3643|五革|74c2t4
3644|力摘|25c2t4
3645|簪摑|51o2t4
3646|砂獲|54o2t4
3647|求獲|73o2t4
3648|尼戹|34c2t4
3649|思積|44c4t4
3650|資昔|41c4t4
3651|伊昔|81c4t4
3652|羊益|85c4t4
3653|施隻|64c4t4
3654|昌石|62c4t4
3655|常隻|63c4t4
3656|之石|61c4t4
3657|直炙|33c4t4
3658|七迹|42c4t4
3659|祥易|45c4t4
3660|秦昔|43c4t4
3661|房益|13c4t4
3662|營隻|85o4t4
3663|許役|82o4t4
3664|必益|11c4t4
3665|芳辟|12c4t4
3666|食亦|65c4t4
3667|彼役|11o4t4
3668|竹益|31c4t4
3669|丑亦|32c4t4
3670|之役|61o4t4
3671|七役|42o4t4
3672|先擊|44c7t4
3673|古歷|71c7t4
3674|普擊|12c7t4
3675|郎擊|25c7t4
3676|都歷|21c7t4
3677|胡狄|83c7t4
3678|五歷|74c7t4
3679|徒歷|23c7t4
3680|他歷|22c7t4
3681|則歷|41c7t4
3682|苦擊|72c7t4
3683|奴歷|24c7t4
3684|前歷|43c7t4
3685|莫狄|14c7t4
3686|扶歷|13c7t4
3687|北激|11c7t4
3688|苦鶪|72o7t4
3689|古闃|71o7t4
3690|倉歷|42c7t4
3691|許激|82c7t4
3692|呼狊|82o7t4
3693|丑歷|32c7t4
3694|之翼|61c4u4
3695|除力|33c4u4
3696|林直|25c4u4
3697|恥力|32c4u4
3698|竹力|31c4u4
3699|乗力|65c4u4
3700|相即|44c4u4
3701|常職|63c4u4
3702|賞職|64c4u4
3703|許極|82c4u4
3704|士力|53c4u4
3705|渠力|73c4u4
3706|女力|34c4u4
3707|初力|52c4u4
3708|於力|81c4u4
3709|所力|54c4u4
3710|丘力|72c4u4
3711|紀力|71c4u4
3712|與職|85c4u4
3713|子力|41c4u4
3714|彼側|11c4u4
3715|雨逼|84o4u4
3716|況逼|82o4u4
3717|芳逼|12c4u4
3718|阻力|51c4u4
3719|符逼|13c4u4
3720|魚力|74c4u4
3721|秦力|43c4u4
3722|丁力|31c4u4
3723|亡逼|14c4u4
3724|昌力|62c4u4
3725|多則|21c1u4
3726|子德|41c1u4
3727|盧則|25c1u4
3728|他德|22c1u4
3729|苦得|72c1u4
3730|徒得|23c1u4
3731|呼北|82c1u4
3732|莫北|14c1u4
3733|昨則|43c1u4
3734|蘇則|44c1u4
3735|博墨|11c1u4
3736|蒲北|13c1u4
3737|胡國|83o1u4
3738|古或|71o1u4
3739|愛黑|81c1u4
3740|胡得|83c1u4
3741|奴勒|24c1u4
3742|古得|71c1u4
3743|七則|42c1u4
3744|匹北|12c1u4
3745|呼或|82o1u4
3746|七入|42c5x4
3747|是執|63c5x4
3748|之入|61c5x4
3749|似入|45c5x4
3750|秦入|43c5x4
3751|人執|66c5x4
3752|伊入|81c5x4
3753|失入|64c5x4
3754|子入|41c5x4
3755|其立|73c6x4
3756|直立|33c6x4
3757|陟立|31c6x4
3758|力入|25c5x4
3759|居立|71c6x4
3760|魚及|74c6x4
3761|去急|72c6x4
3762|先立|44c5x4
3763|色立|54c6x4
3764|許及|82c6x4
3765|阻立|51c6x4
3766|於汲|81c6x4
3767|丑入|32c6x4
3768|爲立|84c6x4
3769|羊入|85c5x4
3770|尼立|34c6x4
3771|仕戢|53c6x4
3772|皮及|13c6x4
3773|彼及|11c6x4
3774|初戢|52c6x4
3775|昌汁|62c5x4
3776|侯閤|83c1z4
3777|古沓|71c1z4
3778|都合|21c1z4
3779|蘇合|44c1z4
3780|徒合|23c1z4
3781|他合|22c1z4
3782|徂合|43c1z4
3783|子荅|41c1z4
3784|盧合|25c1z4
3785|奴荅|24c1z4
3786|口荅|72c1z4
3787|烏合|81c1z4
3788|呼合|82c1z4
3789|五合|74c1z4
3790|七合|42c1z4
3791|十合|63c1z4
3792|烏荅|81c1z4
3793|胡臘|83c1y4
3794|盧盍|25c1y4
3795|都榼|21c1y4
3796|吐盍|22c1y4
3797|呼盍|82c1y4
3798|奴盍|24c1y4
3799|徒盍|23c1y4
3800|私盍|44c1y4
3801|五盍|74c1y4
3802|才盍|43c1y4
3803|古盍|71c1y4
3804|苦盍|72c1y4
3805|安盍|81c1y4
3806|倉雜|42c1y4
3807|居盍|71c1y4
3808|章盍|61c1y4
3809|與涉|85c5z4
3810|即葉|41c5z4
3811|書涉|64c5z4
3812|時攝|63c5z4
3813|良涉|25c5z4
3814|疾葉|43c5z4
3815|直葉|33c6z4
3816|於輒|81c6z4
3817|尼輒|34c6z4
3818|叱涉|62c5z4
3819|而涉|66c5z4
3820|之涉|61c5z4
3821|七接|42c5z4
3822|丑輒|32c6z4
3823|其輒|73c6z4
3824|陟葉|31c6z4
3825|筠輒|84c6z4
3826|去涉|72c5z4
3827|山輒|54c6z4
3828|居輒|71c6z4
3829|於葉|81c5z4
3830|他協|22c7z4
3831|胡頰|83c7z4
3832|古協|71c7z4
3833|苦協|72c7z4
3834|徒協|23c7z4
3835|奴協|24c7z4
3836|蘇協|44c7z4
3837|盧協|25c7z4
3838|丁愜|21c7z4
3839|在協|43c7z4
3840|子協|41c7z4
3841|呼牒|82c7z4
3842|先頰|44c7z4
3843|侯夾|83c2z4
3844|苦洽|72c2z4
3845|士洽|53c2z4
3846|古洽|71c2z4
3847|側洽|51c2z4
3848|楚洽|52c2z4
3849|女洽|34c2z4
3850|呼洽|82c2z4
3851|山洽|54c2z4
3852|竹洽|31c2z4
3853|烏洽|81c2z4
3854|五夾|74c2z4
3855|丑㘝|32c2z4
3856|胡甲|83c2y4
3857|丈甲|33c2y4
3858|烏甲|81c2y4
3859|古狎|71c2y4
3860|所甲|54c2y4
3861|呼甲|82c2y4
3862|魚怯|74c3y4
3863|虚業|82c3y4
3864|去劫|72c3y4
3865|居怯|71c3y4
3866|於業|81c3y4
3867|余業|85c3y4
3868|巨業|73c3y4
3869|房法|13o3z4
3870|方乏|11o3z4
3871|孚法|12o3z4
3872|起法|72o3z4
3873|女法|34o3z4
3874|丑法|32o3z4
4001|匿講|34c2c2
4002|人夜|66c4q3
4003|丘禁|72c6x3
4004|七丸|42o1m1
4005||11o1k4
4006||21c4w1
4007|楚嫁|52c2q3
4008|叨号|22c1o3
4009|渠蓋|73c1i3
